Workbook

Sheet 填寫說明
B2: 表單匯出檔（可修改後匯入）
B3: 本檔由系統「匯出 Excel」產生，欄位、檢查欄與規則和「分項工程表單匯入範本」完全相同。修改後可用表單範本的「匯入檢查項目」或「匯入此分項全部表單」匯入。
B5: 工作表說明
B6: 單元 | C6: 選填。此分項工程的單元編號；沒有單元可整張留白。
B7: 表單 | C7: 每一列＝一張表單的基本資料，「表號」是串接其他工作表的鍵值。「適用單元」決定這張表單要建在哪些單元下。
B8: 檢查項目 | C8: 每一列＝一個檢查項目。單元編號留白＝所有適用單元共用；有填＝只套用在該單元（覆蓋／新增／排除）。
B9: 數值欄位 | C9: 判定類型為「數值」的項目要量測的欄位與檢核條件（下限／上限），規則同上，可依單元設定不同上下限。
B10: 可連結表單 | C10: 自動列出可連結的自主檢查表＝本檔「表單」工作表的自主檢查表＋系統現有的自主檢查表（含空白範本 PDF）；本檔有的以本檔內容為準，「來源」欄標示本檔／系統。「連結表號」「配對自主檢查表號」的下拉選單從這裡選，請勿修改。
B11: 代碼表 | C11: 下拉選單的選項來源與預設階段，請勿修改。
B13: 表單的「適用單元」
B14: 留白 | C14: 表單掛在分項工程下（標案 → 分項工程 → 表單）。
B15: P11、P12 | C15: 列出單元編號（用「、」或「,」分隔），系統會在每個單元下各建一張同表號的表單（標案 → 分項工程 → 單元 → 表單）。
B16: 全部 | C16: 套用到「單元」工作表的所有單元。
B18: 表單的「階段設定」
B19: 留白 | C19: 使用預設階段：施工前、施工中、施工後。
B20: 自訂 | C20: 依填寫順序列出，用「、」分隔，例：挖掘前、挖掘中、挖掘後；階段數可多可少。現場依此順序分頁籤，前一階段完成才能填下一階段。
B21: 檢查項目的「階段」必須是該表單階段設定中的名稱（灰底「階段（展開）」欄會列出可用的階段）。
B23: 同一張表單、不同單元有差異時（共用＋單元覆蓋）
B24: 先把所有單元都一樣的內容寫成「共用列」（單元編號留白），只有不一樣的地方再寫一列「單元列」（填單元編號，淡紫底）：
B25: 覆蓋 | C25: 單元列的 表號＋項次 和共用列相同 → 該單元改用單元列的內容（數值欄位以 表號＋項次＋欄位名稱 比對）。
B26: 新增 | C26: 單元列的項次在共用列沒有 → 該單元多一個專屬項目。
B27: 排除 | C27: 單元列的「排除」填 Y → 該單元不使用這個共用項目／欄位（其餘欄位可留白）。
B28: 例：表5-5 適用全部單元；P12 為公單元，排除第 13 項「端鈑外回填碎石」並新增第 17 項；P11 的鋼筋籠頂高程上下限與共用值不同。
B30: 欄位顏色
C31: 必填欄位（標題有 *）
C32: 選填欄位
C33: 自動帶出／檢查欄位（灰底公式，不用填，匯入時忽略）
C34: 淡紫底＝單元列（只套用在該單元的覆蓋／新增／排除）
B35: 滑鼠移到欄位標題上可看到每個欄位的填寫說明。「檢查」欄出現 ⚠ 表示匯入時會被擋下，✓ 表示沒問題。
B37: 匯入規則
B38: 1. 單元編號在同一分項工程內不可重複（大小寫視為相同）；本檔的單元會加到系統，已存在的略過。
B39: 2. 表號在本檔內不可重複；同一表號可透過「適用單元」建在多個單元下。
B40: 3. 系統已有相同表號（同分項工程、同單元）時：更新該表單；若已有填寫紀錄，另存新版本，舊紀錄保留原內容。
B41: 4. 表單的適用單元必須存在於「單元」工作表或系統已設定的單元。
B42: 5. 檢查項目：同一表號＋單元＋項次不可重複；單元列的單元必須在該表單的適用單元內；排除列必須有對應的共用項次。
B43: 6. 判定類型＝數值：至少要有 1 筆數值欄位；下限、上限需為數字且下限 ≤ 上限，可留白（留白＝只記錄、不檢核）。
B44: 7. 判定類型＝連結表單：連結表號必填，須為「可連結表單」工作表中的表號（本分項系統已有的自主檢查表，含空白範本 PDF，或本檔新增的自主檢查表）。
B45: 8. 引用文件編號若有填，必須存在於系統「參考文件」。
B46: 9. 抽查紀錄表的「配對自主檢查表號」若有填，須為本檔或系統已有的自主檢查表。
B47: 10. 有錯誤的表單整張不匯入（含其檢查項目與欄位），並在匯入預覽列出原因；匯入預覽會顯示每個單元展開後的實際項目。

Sheet 單元
A1: 單元編號 * | B1: 說明

Sheet 表單
A1: 表號 * | B1: 表單名稱 * | C1: 表單類型 * | D1: 適用單元 | E1: 來源依據 | F1: 配對自主檢查表號 | G1: 排序 | H1: 階段設定 | I1: 建立位置（展開） | J1: 階段（展開） | K1: 共用項目數 | L1: 單元差異列數 | M1: 檢查
I2: =IF(A2="","",IF(TRIM(D2)="","（分項工程層）",IF(TRIM(D2)="全部",_xlfn.TEXTJOIN("、",TRUE,單元!$A$2:$A$500),SUBSTITUTE(SUBSTITUTE(SUBSTITUTE(TRIM(D2),"，","、"),",","、")," ","")))) | J2: =IF(A2="","",IF(TRIM(H2)="","施工前、施工中、施工後",SUBSTITUTE(SUBSTITUTE(SUBSTITUTE(TRIM(H2),"，","、"),",","、")," ",""))) | K2: =IF(A2="","",SUMPRODUCT((檢查項目!$A$2:$A$500=A2)*(檢查項目!$B$2:$B$500=""))) | L2: =IF(A2="","",SUMPRODUCT((檢查項目!$A$2:$A$500=A2)*(檢查項目!$B$2:$B$500<>""))+SUMPRODUCT((數值欄位!$A$2:$A$500=A2)*(數值欄位!$B$2:$B$500<>""))) | M2: =IF(A2="","",IF(TRIM(IF(COUNTIF($A$2:$A$500,A2)>1,"⚠ 表號重複 ","")&IF(OR(B2="",C2=""),"⚠ 必填未填 ","")&IF(AND(TRIM(D2)<>"",I2=""),"⚠ 單元工作表沒有單元 ","")&IF(AND(TRIM(D2)<>"",TRIM(D2)<>"全部",I2<>"",SUMPRODUCT((單元!$A$2:$A$500<>"")*ISNUMBER(SEARCH("、"&單元!$A$2:$A$500&"、","、"&I2&"、")))<LEN(I2)-LEN(SUBSTITUTE(I2,"、",""))+1),"⚠ 有單元不存在 ","")&IF(K2+L2=0,"⚠ 尚無檢查項目 ","")&IF(AND(F2<>"",C2<>"抽查紀錄表"),"⚠ 配對表號僅限抽查紀錄表 ","")&IF(AND(F2<>"",C2="抽查紀錄表",COUNTIF(可連結表單!$J$2:$J$501,F2)=0),"⚠ 配對表號不存在（需為本分項的自主檢查表） ",""))="","✓",TRIM(IF(COUNTIF($A$2:$A$500,A2)>1,"⚠ 表號重複 ","")&IF(OR(B2="",C2=""),"⚠ 必填未填 ","")&IF(AND(TRIM(D2)<>"",I2=""),"⚠ 單元工作表沒有單元 ","")&IF(AND(TRIM(D2)<>"",TRIM(D2)<>"全部",I2<>"",SUMPRODUCT((單元!$A$2:$A$500<>"")*ISNUMBER(SEARCH("、"&單元!$A$2:$A$500&"、","、"&I2&"、")))<LEN(I2)-LEN(SUBSTITUTE(I2,"、",""))+1),"⚠ 有單元不存在 ","")&IF(K2+L2=0,"⚠ 尚無檢查項目 ","")&IF(AND(F2<>"",C2<>"抽查紀錄表"),"⚠ 配對表號僅限抽查紀錄表 ","")&IF(AND(F2<>"",C2="抽查紀錄表",COUNTIF(可連結表單!$J$2:$J$501,F2)=0),"⚠ 配對表號不存在（需為本分項的自主檢查表） ",""))))
I3: =IF(A3="","",IF(TRIM(D3)="","（分項工程層）",IF(TRIM(D3)="全部",_xlfn.TEXTJOIN("、",TRUE,單元!$A$2:$A$500),SUBSTITUTE(SUBSTITUTE(SUBSTITUTE(TRIM(D3),"，","、"),",","、")," ","")))) | J3: =IF(A3="","",IF(TRIM(H3)="","施工前、施工中、施工後",SUBSTITUTE(SUBSTITUTE(SUBSTITUTE(TRIM(H3),"，","、"),",","、")," ",""))) | K3: =IF(A3="","",SUMPRODUCT((檢查項目!$A$2:$A$500=A3)*(檢查項目!$B$2:$B$500=""))) | L3: =IF(A3="","",SUMPRODUCT((檢查項目!$A$2:$A$500=A3)*(檢查項目!$B$2:$B$500<>""))+SUMPRODUCT((數值欄位!$A$2:$A$500=A3)*(數值欄位!$B$2:$B$500<>""))) | M3: =IF(A3="","",IF(TRIM(IF(COUNTIF($A$2:$A$500,A3)>1,"⚠ 表號重複 ","")&IF(OR(B3="",C3=""),"⚠ 必填未填 ","")&IF(AND(TRIM(D3)<>"",I3=""),"⚠ 單元工作表沒有單元 ","")&IF(AND(TRIM(D3)<>"",TRIM(D3)<>"全部",I3<>"",SUMPRODUCT((單元!$A$2:$A$500<>"")*ISNUMBER(SEARCH("、"&單元!$A$2:$A$500&"、","、"&I3&"、")))<LEN(I3)-LEN(SUBSTITUTE(I3,"、",""))+1),"⚠ 有單元不存在 ","")&IF(K3+L3=0,"⚠ 尚無檢查項目 ","")&IF(AND(F3<>"",C3<>"抽查紀錄表"),"⚠ 配對表號僅限抽查紀錄表 ","")&IF(AND(F3<>"",C3="抽查紀錄表",COUNTIF(可連結表單!$J$2:$J$501,F3)=0),"⚠ 配對表號不存在（需為本分項的自主檢查表） ",""))="","✓",TRIM(IF(COUNTIF($A$2:$A$500,A3)>1,"⚠ 表號重複 ","")&IF(OR(B3="",C3=""),"⚠ 必填未填 ","")&IF(AND(TRIM(D3)<>"",I3=""),"⚠ 單元工作表沒有單元 ","")&IF(AND(TRIM(D3)<>"",TRIM(D3)<>"全部",I3<>"",SUMPRODUCT((單元!$A$2:$A$500<>"")*ISNUMBER(SEARCH("、"&單元!$A$2:$A$500&"、","、"&I3&"、")))<LEN(I3)-LEN(SUBSTITUTE(I3,"、",""))+1),"⚠ 有單元不存在 ","")&IF(K3+L3=0,"⚠ 尚無檢查項目 ","")&IF(AND(F3<>"",C3<>"抽查紀錄表"),"⚠ 配對表號僅限抽查紀錄表 ","")&IF(AND(F3<>"",C3="抽查紀錄表",COUNTIF(可連結表單!$J$2:$J$501,F3)=0),"⚠ 配對表號不存在（需為本分項的自主檢查表） ",""))))
I4: =IF(A4="","",IF(TRIM(D4)="","（分項工程層）",IF(TRIM(D4)="全部",_xlfn.TEXTJOIN("、",TRUE,單元!$A$2:$A$500),SUBSTITUTE(SUBSTITUTE(SUBSTITUTE(TRIM(D4),"，","、"),",","、")," ","")))) | J4: =IF(A4="","",IF(TRIM(H4)="","施工前、施工中、施工後",SUBSTITUTE(SUBSTITUTE(SUBSTITUTE(TRIM(H4),"，","、"),",","、")," ",""))) | K4: =IF(A4="","",SUMPRODUCT((檢查項目!$A$2:$A$500=A4)*(檢查項目!$B$2:$B$500=""))) | L4: =IF(A4="","",SUMPRODUCT((檢查項目!$A$2:$A$500=A4)*(檢查項目!$B$2:$B$500<>""))+SUMPRODUCT((數值欄位!$A$2:$A$500=A4)*(數值欄位!$B$2:$B$500<>""))) | M4: =IF(A4="","",IF(TRIM(IF(COUNTIF($A$2:$A$500,A4)>1,"⚠ 表號重複 ","")&IF(OR(B4="",C4=""),"⚠ 必填未填 ","")&IF(AND(TRIM(D4)<>"",I4=""),"⚠ 單元工作表沒有單元 ","")&IF(AND(TRIM(D4)<>"",TRIM(D4)<>"全部",I4<>"",SUMPRODUCT((單元!$A$2:$A$500<>"")*ISNUMBER(SEARCH("、"&單元!$A$2:$A$500&"、","、"&I4&"、")))<LEN(I4)-LEN(SUBSTITUTE(I4,"、",""))+1),"⚠ 有單元不存在 ","")&IF(K4+L4=0,"⚠ 尚無檢查項目 ","")&IF(AND(F4<>"",C4<>"抽查紀錄表"),"⚠ 配對表號僅限抽查紀錄表 ","")&IF(AND(F4<>"",C4="抽查紀錄表",COUNTIF(可連結表單!$J$2:$J$501,F4)=0),"⚠ 配對表號不存在（需為本分項的自主檢查表） ",""))="","✓",TRIM(IF(COUNTIF($A$2:$A$500,A4)>1,"⚠ 表號重複 ","")&IF(OR(B4="",C4=""),"⚠ 必填未填 ","")&IF(AND(TRIM(D4)<>"",I4=""),"⚠ 單元工作表沒有單元 ","")&IF(AND(TRIM(D4)<>"",TRIM(D4)<>"全部",I4<>"",SUMPRODUCT((單元!$A$2:$A$500<>"")*ISNUMBER(SEARCH("、"&單元!$A$2:$A$500&"、","、"&I4&"、")))<LEN(I4)-LEN(SUBSTITUTE(I4,"、",""))+1),"⚠ 有單元不存在 ","")&IF(K4+L4=0,"⚠ 尚無檢查項目 ","")&IF(AND(F4<>"",C4<>"抽查紀錄表"),"⚠ 配對表號僅限抽查紀錄表 ","")&IF(AND(F4<>"",C4="抽查紀錄表",COUNTIF(可連結表單!$J$2:$J$501,F4)=0),"⚠ 配對表號不存在（需為本分項的自主檢查表） ",""))))
I5: =IF(A5="","",IF(TRIM(D5)="","（分項工程層）",IF(TRIM(D5)="全部",_xlfn.TEXTJOIN("、",TRUE,單元!$A$2:$A$500),SUBSTITUTE(SUBSTITUTE(SUBSTITUTE(TRIM(D5),"，","、"),",","、")," ","")))) | J5: =IF(A5="","",IF(TRIM(H5)="","施工前、施工中、施工後",SUBSTITUTE(SUBSTITUTE(SUBSTITUTE(TRIM(H5),"，","、"),",","、")," ",""))) | K5: =IF(A5="","",SUMPRODUCT((檢查項目!$A$2:$A$500=A5)*(檢查項目!$B$2:$B$500=""))) | L5: =IF(A5="","",SUMPRODUCT((檢查項目!$A$2:$A$500=A5)*(檢查項目!$B$2:$B$500<>""))+SUMPRODUCT((數值欄位!$A$2:$A$500=A5)*(數值欄位!$B$2:$B$500<>""))) | M5: =IF(A5="","",IF(TRIM(IF(COUNTIF($A$2:$A$500,A5)>1,"⚠ 表號重複 ","")&IF(OR(B5="",C5=""),"⚠ 必填未填 ","")&IF(AND(TRIM(D5)<>"",I5=""),"⚠ 單元工作表沒有單元 ","")&IF(AND(TRIM(D5)<>"",TRIM(D5)<>"全部",I5<>"",SUMPRODUCT((單元!$A$2:$A$500<>"")*ISNUMBER(SEARCH("、"&單元!$A$2:$A$500&"、","、"&I5&"、")))<LEN(I5)-LEN(SUBSTITUTE(I5,"、",""))+1),"⚠ 有單元不存在 ","")&IF(K5+L5=0,"⚠ 尚無檢查項目 ","")&IF(AND(F5<>"",C5<>"抽查紀錄表"),"⚠ 配對表號僅限抽查紀錄表 ","")&IF(AND(F5<>"",C5="抽查紀錄表",COUNTIF(可連結表單!$J$2:$J$501,F5)=0),"⚠ 配對表號不存在（需為本分項的自主檢查表） ",""))="","✓",TRIM(IF(COUNTIF($A$2:$A$500,A5)>1,"⚠ 表號重複 ","")&IF(OR(B5="",C5=""),"⚠ 必填未填 ","")&IF(AND(TRIM(D5)<>"",I5=""),"⚠ 單元工作表沒有單元 ","")&IF(AND(TRIM(D5)<>"",TRIM(D5)<>"全部",I5<>"",SUMPRODUCT((單元!$A$2:$A$500<>"")*ISNUMBER(SEARCH("、"&單元!$A$2:$A$500&"、","、"&I5&"、")))<LEN(I5)-LEN(SUBSTITUTE(I5,"、",""))+1),"⚠ 有單元不存在 ","")&IF(K5+L5=0,"⚠ 尚無檢查項目 ","")&IF(AND(F5<>"",C5<>"抽查紀錄表"),"⚠ 配對表號僅限抽查紀錄表 ","")&IF(AND(F5<>"",C5="抽查紀錄表",COUNTIF(可連結表單!$J$2:$J$501,F5)=0),"⚠ 配對表號不存在（需為本分項的自主檢查表） ",""))))
I6: =IF(A6="","",IF(TRIM(D6)="","（分項工程層）",IF(TRIM(D6)="全部",_xlfn.TEXTJOIN("、",TRUE,單元!$A$2:$A$500),SUBSTITUTE(SUBSTITUTE(SUBSTITUTE(TRIM(D6),"，","、"),",","、")," ","")))) | J6: =IF(A6="","",IF(TRIM(H6)="","施工前、施工中、施工後",SUBSTITUTE(SUBSTITUTE(SUBSTITUTE(TRIM(H6),"，","、"),",","、")," ",""))) | K6: =IF(A6="","",SUMPRODUCT((檢查項目!$A$2:$A$500=A6)*(檢查項目!$B$2:$B$500=""))) | L6: =IF(A6="","",SUMPRODUCT((檢查項目!$A$2:$A$500=A6)*(檢查項目!$B$2:$B$500<>""))+SUMPRODUCT((數值欄位!$A$2:$A$500=A6)*(數值欄位!$B$2:$B$500<>""))) | M6: =IF(A6="","",IF(TRIM(IF(COUNTIF($A$2:$A$500,A6)>1,"⚠ 表號重複 ","")&IF(OR(B6="",C6=""),"⚠ 必填未填 ","")&IF(AND(TRIM(D6)<>"",I6=""),"⚠ 單元工作表沒有單元 ","")&IF(AND(TRIM(D6)<>"",TRIM(D6)<>"全部",I6<>"",SUMPRODUCT((單元!$A$2:$A$500<>"")*ISNUMBER(SEARCH("、"&單元!$A$2:$A$500&"、","、"&I6&"、")))<LEN(I6)-LEN(SUBSTITUTE(I6,"、",""))+1),"⚠ 有單元不存在 ","")&IF(K6+L6=0,"⚠ 尚無檢查項目 ","")&IF(AND(F6<>"",C6<>"抽查紀錄表"),"⚠ 配對表號僅限抽查紀錄表 ","")&IF(AND(F6<>"",C6="抽查紀錄表",COUNTIF(可連結表單!$J$2:$J$501,F6)=0),"⚠ 配對表號不存在（需為本分項的自主檢查表） ",""))="","✓",TRIM(IF(COUNTIF($A$2:$A$500,A6)>1,"⚠ 表號重複 ","")&IF(OR(B6="",C6=""),"⚠ 必填未填 ","")&IF(AND(TRIM(D6)<>"",I6=""),"⚠ 單元工作表沒有單元 ","")&IF(AND(TRIM(D6)<>"",TRIM(D6)<>"全部",I6<>"",SUMPRODUCT((單元!$A$2:$A$500<>"")*ISNUMBER(SEARCH("、"&單元!$A$2:$A$500&"、","、"&I6&"、")))<LEN(I6)-LEN(SUBSTITUTE(I6,"、",""))+1),"⚠ 有單元不存在 ","")&IF(K6+L6=0,"⚠ 尚無檢查項目 ","")&IF(AND(F6<>"",C6<>"抽查紀錄表"),"⚠ 配對表號僅限抽查紀錄表 ","")&IF(AND(F6<>"",C6="抽查紀錄表",COUNTIF(可連結表單!$J$2:$J$501,F6)=0),"⚠ 配對表號不存在（需為本分項的自主檢查表） ",""))))
I7: =IF(A7="","",IF(TRIM(D7)="","（分項工程層）",IF(TRIM(D7)="全部",_xlfn.TEXTJOIN("、",TRUE,單元!$A$2:$A$500),SUBSTITUTE(SUBSTITUTE(SUBSTITUTE(TRIM(D7),"，","、"),",","、")," ","")))) | J7: =IF(A7="","",IF(TRIM(H7)="","施工前、施工中、施工後",SUBSTITUTE(SUBSTITUTE(SUBSTITUTE(TRIM(H7),"，","、"),",","、")," ",""))) | K7: =IF(A7="","",SUMPRODUCT((檢查項目!$A$2:$A$500=A7)*(檢查項目!$B$2:$B$500=""))) | L7: =IF(A7="","",SUMPRODUCT((檢查項目!$A$2:$A$500=A7)*(檢查項目!$B$2:$B$500<>""))+SUMPRODUCT((數值欄位!$A$2:$A$500=A7)*(數值欄位!$B$2:$B$500<>""))) | M7: =IF(A7="","",IF(TRIM(IF(COUNTIF($A$2:$A$500,A7)>1,"⚠ 表號重複 ","")&IF(OR(B7="",C7=""),"⚠ 必填未填 ","")&IF(AND(TRIM(D7)<>"",I7=""),"⚠ 單元工作表沒有單元 ","")&IF(AND(TRIM(D7)<>"",TRIM(D7)<>"全部",I7<>"",SUMPRODUCT((單元!$A$2:$A$500<>"")*ISNUMBER(SEARCH("、"&單元!$A$2:$A$500&"、","、"&I7&"、")))<LEN(I7)-LEN(SUBSTITUTE(I7,"、",""))+1),"⚠ 有單元不存在 ","")&IF(K7+L7=0,"⚠ 尚無檢查項目 ","")&IF(AND(F7<>"",C7<>"抽查紀錄表"),"⚠ 配對表號僅限抽查紀錄表 ","")&IF(AND(F7<>"",C7="抽查紀錄表",COUNTIF(可連結表單!$J$2:$J$501,F7)=0),"⚠ 配對表號不存在（需為本分項的自主檢查表） ",""))="","✓",TRIM(IF(COUNTIF($A$2:$A$500,A7)>1,"⚠ 表號重複 ","")&IF(OR(B7="",C7=""),"⚠ 必填未填 ","")&IF(AND(TRIM(D7)<>"",I7=""),"⚠ 單元工作表沒有單元 ","")&IF(AND(TRIM(D7)<>"",TRIM(D7)<>"全部",I7<>"",SUMPRODUCT((單元!$A$2:$A$500<>"")*ISNUMBER(SEARCH("、"&單元!$A$2:$A$500&"、","、"&I7&"、")))<LEN(I7)-LEN(SUBSTITUTE(I7,"、",""))+1),"⚠ 有單元不存在 ","")&IF(K7+L7=0,"⚠ 尚無檢查項目 ","")&IF(AND(F7<>"",C7<>"抽查紀錄表"),"⚠ 配對表號僅限抽查紀錄表 ","")&IF(AND(F7<>"",C7="抽查紀錄表",COUNTIF(可連結表單!$J$2:$J$501,F7)=0),"⚠ 配對表號不存在（需為本分項的自主檢查表） ",""))))
I8: =IF(A8="","",IF(TRIM(D8)="","（分項工程層）",IF(TRIM(D8)="全部",_xlfn.TEXTJOIN("、",TRUE,單元!$A$2:$A$500),SUBSTITUTE(SUBSTITUTE(SUBSTITUTE(TRIM(D8),"，","、"),",","、")," ","")))) | J8: =IF(A8="","",IF(TRIM(H8)="","施工前、施工中、施工後",SUBSTITUTE(SUBSTITUTE(SUBSTITUTE(TRIM(H8),"，","、"),",","、")," ",""))) | K8: =IF(A8="","",SUMPRODUCT((檢查項目!$A$2:$A$500=A8)*(檢查項目!$B$2:$B$500=""))) | L8: =IF(A8="","",SUMPRODUCT((檢查項目!$A$2:$A$500=A8)*(檢查項目!$B$2:$B$500<>""))+SUMPRODUCT((數值欄位!$A$2:$A$500=A8)*(數值欄位!$B$2:$B$500<>""))) | M8: =IF(A8="","",IF(TRIM(IF(COUNTIF($A$2:$A$500,A8)>1,"⚠ 表號重複 ","")&IF(OR(B8="",C8=""),"⚠ 必填未填 ","")&IF(AND(TRIM(D8)<>"",I8=""),"⚠ 單元工作表沒有單元 ","")&IF(AND(TRIM(D8)<>"",TRIM(D8)<>"全部",I8<>"",SUMPRODUCT((單元!$A$2:$A$500<>"")*ISNUMBER(SEARCH("、"&單元!$A$2:$A$500&"、","、"&I8&"、")))<LEN(I8)-LEN(SUBSTITUTE(I8,"、",""))+1),"⚠ 有單元不存在 ","")&IF(K8+L8=0,"⚠ 尚無檢查項目 ","")&IF(AND(F8<>"",C8<>"抽查紀錄表"),"⚠ 配對表號僅限抽查紀錄表 ","")&IF(AND(F8<>"",C8="抽查紀錄表",COUNTIF(可連結表單!$J$2:$J$501,F8)=0),"⚠ 配對表號不存在（需為本分項的自主檢查表） ",""))="","✓",TRIM(IF(COUNTIF($A$2:$A$500,A8)>1,"⚠ 表號重複 ","")&IF(OR(B8="",C8=""),"⚠ 必填未填 ","")&IF(AND(TRIM(D8)<>"",I8=""),"⚠ 單元工作表沒有單元 ","")&IF(AND(TRIM(D8)<>"",TRIM(D8)<>"全部",I8<>"",SUMPRODUCT((單元!$A$2:$A$500<>"")*ISNUMBER(SEARCH("、"&單元!$A$2:$A$500&"、","、"&I8&"、")))<LEN(I8)-LEN(SUBSTITUTE(I8,"、",""))+1),"⚠ 有單元不存在 ","")&IF(K8+L8=0,"⚠ 尚無檢查項目 ","")&IF(AND(F8<>"",C8<>"抽查紀錄表"),"⚠ 配對表號僅限抽查紀錄表 ","")&IF(AND(F8<>"",C8="抽查紀錄表",COUNTIF(可連結表單!$J$2:$J$501,F8)=0),"⚠ 配對表號不存在（需為本分項的自主檢查表） ",""))))
I9: =IF(A9="","",IF(TRIM(D9)="","（分項工程層）",IF(TRIM(D9)="全部",_xlfn.TEXTJOIN("、",TRUE,單元!$A$2:$A$500),SUBSTITUTE(SUBSTITUTE(SUBSTITUTE(TRIM(D9),"，","、"),",","、")," ","")))) | J9: =IF(A9="","",IF(TRIM(H9)="","施工前、施工中、施工後",SUBSTITUTE(SUBSTITUTE(SUBSTITUTE(TRIM(H9),"，","、"),",","、")," ",""))) | K9: =IF(A9="","",SUMPRODUCT((檢查項目!$A$2:$A$500=A9)*(檢查項目!$B$2:$B$500=""))) | L9: =IF(A9="","",SUMPRODUCT((檢查項目!$A$2:$A$500=A9)*(檢查項目!$B$2:$B$500<>""))+SUMPRODUCT((數值欄位!$A$2:$A$500=A9)*(數值欄位!$B$2:$B$500<>""))) | M9: =IF(A9="","",IF(TRIM(IF(COUNTIF($A$2:$A$500,A9)>1,"⚠ 表號重複 ","")&IF(OR(B9="",C9=""),"⚠ 必填未填 ","")&IF(AND(TRIM(D9)<>"",I9=""),"⚠ 單元工作表沒有單元 ","")&IF(AND(TRIM(D9)<>"",TRIM(D9)<>"全部",I9<>"",SUMPRODUCT((單元!$A$2:$A$500<>"")*ISNUMBER(SEARCH("、"&單元!$A$2:$A$500&"、","、"&I9&"、")))<LEN(I9)-LEN(SUBSTITUTE(I9,"、",""))+1),"⚠ 有單元不存在 ","")&IF(K9+L9=0,"⚠ 尚無檢查項目 ","")&IF(AND(F9<>"",C9<>"抽查紀錄表"),"⚠ 配對表號僅限抽查紀錄表 ","")&IF(AND(F9<>"",C9="抽查紀錄表",COUNTIF(可連結表單!$J$2:$J$501,F9)=0),"⚠ 配對表號不存在（需為本分項的自主檢查表） ",""))="","✓",TRIM(IF(COUNTIF($A$2:$A$500,A9)>1,"⚠ 表號重複 ","")&IF(OR(B9="",C9=""),"⚠ 必填未填 ","")&IF(AND(TRIM(D9)<>"",I9=""),"⚠ 單元工作表沒有單元 ","")&IF(AND(TRIM(D9)<>"",TRIM(D9)<>"全部",I9<>"",SUMPRODUCT((單元!$A$2:$A$500<>"")*ISNUMBER(SEARCH("、"&單元!$A$2:$A$500&"、","、"&I9&"、")))<LEN(I9)-LEN(SUBSTITUTE(I9,"、",""))+1),"⚠ 有單元不存在 ","")&IF(K9+L9=0,"⚠ 尚無檢查項目 ","")&IF(AND(F9<>"",C9<>"抽查紀錄表"),"⚠ 配對表號僅限抽查紀錄表 ","")&IF(AND(F9<>"",C9="抽查紀錄表",COUNTIF(可連結表單!$J$2:$J$501,F9)=0),"⚠ 配對表號不存在（需為本分項的自主檢查表） ",""))))
I10: =IF(A10="","",IF(TRIM(D10)="","（分項工程層）",IF(TRIM(D10)="全部",_xlfn.TEXTJOIN("、",TRUE,單元!$A$2:$A$500),SUBSTITUTE(SUBSTITUTE(SUBSTITUTE(TRIM(D10),"，","、"),",","、")," ","")))) | J10: =IF(A10="","",IF(TRIM(H10)="","施工前、施工中、施工後",SUBSTITUTE(SUBSTITUTE(SUBSTITUTE(TRIM(H10),"，","、"),",","、")," ",""))) | K10: =IF(A10="","",SUMPRODUCT((檢查項目!$A$2:$A$500=A10)*(檢查項目!$B$2:$B$500=""))) | L10: =IF(A10="","",SUMPRODUCT((檢查項目!$A$2:$A$500=A10)*(檢查項目!$B$2:$B$500<>""))+SUMPRODUCT((數值欄位!$A$2:$A$500=A10)*(數值欄位!$B$2:$B$500<>""))) | M10: =IF(A10="","",IF(TRIM(IF(COUNTIF($A$2:$A$500,A10)>1,"⚠ 表號重複 ","")&IF(OR(B10="",C10=""),"⚠ 必填未填 ","")&IF(AND(TRIM(D10)<>"",I10=""),"⚠ 單元工作表沒有單元 ","")&IF(AND(TRIM(D10)<>"",TRIM(D10)<>"全部",I10<>"",SUMPRODUCT((單元!$A$2:$A$500<>"")*ISNUMBER(SEARCH("、"&單元!$A$2:$A$500&"、","、"&I10&"、")))<LEN(I10)-LEN(SUBSTITUTE(I10,"、",""))+1),"⚠ 有單元不存在 ","")&IF(K10+L10=0,"⚠ 尚無檢查項目 ","")&IF(AND(F10<>"",C10<>"抽查紀錄表"),"⚠ 配對表號僅限抽查紀錄表 ","")&IF(AND(F10<>"",C10="抽查紀錄表",COUNTIF(可連結表單!$J$2:$J$501,F10)=0),"⚠ 配對表號不存在（需為本分項的自主檢查表） ",""))="","✓",TRIM(IF(COUNTIF($A$2:$A$500,A10)>1,"⚠ 表號重複 ","")&IF(OR(B10="",C10=""),"⚠ 必填未填 ","")&IF(AND(TRIM(D10)<>"",I10=""),"⚠ 單元工作表沒有單元 ","")&IF(AND(TRIM(D10)<>"",TRIM(D10)<>"全部",I10<>"",SUMPRODUCT((單元!$A$2:$A$500<>"")*ISNUMBER(SEARCH("、"&單元!$A$2:$A$500&"、","、"&I10&"、")))<LEN(I10)-LEN(SUBSTITUTE(I10,"、",""))+1),"⚠ 有單元不存在 ","")&IF(K10+L10=0,"⚠ 尚無檢查項目 ","")&IF(AND(F10<>"",C10<>"抽查紀錄表"),"⚠ 配對表號僅限抽查紀錄表 ","")&IF(AND(F10<>"",C10="抽查紀錄表",COUNTIF(可連結表單!$J$2:$J$501,F10)=0),"⚠ 配對表號不存在（需為本分項的自主檢查表） ",""))))
I11: =IF(A11="","",IF(TRIM(D11)="","（分項工程層）",IF(TRIM(D11)="全部",_xlfn.TEXTJOIN("、",TRUE,單元!$A$2:$A$500),SUBSTITUTE(SUBSTITUTE(SUBSTITUTE(TRIM(D11),"，","、"),",","、")," ","")))) | J11: =IF(A11="","",IF(TRIM(H11)="","施工前、施工中、施工後",SUBSTITUTE(SUBSTITUTE(SUBSTITUTE(TRIM(H11),"，","、"),",","、")," ",""))) | K11: =IF(A11="","",SUMPRODUCT((檢查項目!$A$2:$A$500=A11)*(檢查項目!$B$2:$B$500=""))) | L11: =IF(A11="","",SUMPRODUCT((檢查項目!$A$2:$A$500=A11)*(檢查項目!$B$2:$B$500<>""))+SUMPRODUCT((數值欄位!$A$2:$A$500=A11)*(數值欄位!$B$2:$B$500<>""))) | M11: =IF(A11="","",IF(TRIM(IF(COUNTIF($A$2:$A$500,A11)>1,"⚠ 表號重複 ","")&IF(OR(B11="",C11=""),"⚠ 必填未填 ","")&IF(AND(TRIM(D11)<>"",I11=""),"⚠ 單元工作表沒有單元 ","")&IF(AND(TRIM(D11)<>"",TRIM(D11)<>"全部",I11<>"",SUMPRODUCT((單元!$A$2:$A$500<>"")*ISNUMBER(SEARCH("、"&單元!$A$2:$A$500&"、","、"&I11&"、")))<LEN(I11)-LEN(SUBSTITUTE(I11,"、",""))+1),"⚠ 有單元不存在 ","")&IF(K11+L11=0,"⚠ 尚無檢查項目 ","")&IF(AND(F11<>"",C11<>"抽查紀錄表"),"⚠ 配對表號僅限抽查紀錄表 ","")&IF(AND(F11<>"",C11="抽查紀錄表",COUNTIF(可連結表單!$J$2:$J$501,F11)=0),"⚠ 配對表號不存在（需為本分項的自主檢查表） ",""))="","✓",TRIM(IF(COUNTIF($A$2:$A$500,A11)>1,"⚠ 表號重複 ","")&IF(OR(B11="",C11=""),"⚠ 必填未填 ","")&IF(AND(TRIM(D11)<>"",I11=""),"⚠ 單元工作表沒有單元 ","")&IF(AND(TRIM(D11)<>"",TRIM(D11)<>"全部",I11<>"",SUMPRODUCT((單元!$A$2:$A$500<>"")*ISNUMBER(SEARCH("、"&單元!$A$2:$A$500&"、","、"&I11&"、")))<LEN(I11)-LEN(SUBSTITUTE(I11,"、",""))+1),"⚠ 有單元不存在 ","")&IF(K11+L11=0,"⚠ 尚無檢查項目 ","")&IF(AND(F11<>"",C11<>"抽查紀錄表"),"⚠ 配對表號僅限抽查紀錄表 ","")&IF(AND(F11<>"",C11="抽查紀錄表",COUNTIF(可連結表單!$J$2:$J$501,F11)=0),"⚠ 配對表號不存在（需為本分項的自主檢查表） ",""))))
I12: =IF(A12="","",IF(TRIM(D12)="","（分項工程層）",IF(TRIM(D12)="全部",_xlfn.TEXTJOIN("、",TRUE,單元!$A$2:$A$500),SUBSTITUTE(SUBSTITUTE(SUBSTITUTE(TRIM(D12),"，","、"),",","、")," ","")))) | J12: =IF(A12="","",IF(TRIM(H12)="","施工前、施工中、施工後",SUBSTITUTE(SUBSTITUTE(SUBSTITUTE(TRIM(H12),"，","、"),",","、")," ",""))) | K12: =IF(A12="","",SUMPRODUCT((檢查項目!$A$2:$A$500=A12)*(檢查項目!$B$2:$B$500=""))) | L12: =IF(A12="","",SUMPRODUCT((檢查項目!$A$2:$A$500=A12)*(檢查項目!$B$2:$B$500<>""))+SUMPRODUCT((數值欄位!$A$2:$A$500=A12)*(數值欄位!$B$2:$B$500<>""))) | M12: =IF(A12="","",IF(TRIM(IF(COUNTIF($A$2:$A$500,A12)>1,"⚠ 表號重複 ","")&IF(OR(B12="",C12=""),"⚠ 必填未填 ","")&IF(AND(TRIM(D12)<>"",I12=""),"⚠ 單元工作表沒有單元 ","")&IF(AND(TRIM(D12)<>"",TRIM(D12)<>"全部",I12<>"",SUMPRODUCT((單元!$A$2:$A$500<>"")*ISNUMBER(SEARCH("、"&單元!$A$2:$A$500&"、","、"&I12&"、")))<LEN(I12)-LEN(SUBSTITUTE(I12,"、",""))+1),"⚠ 有單元不存在 ","")&IF(K12+L12=0,"⚠ 尚無檢查項目 ","")&IF(AND(F12<>"",C12<>"抽查紀錄表"),"⚠ 配對表號僅限抽查紀錄表 ","")&IF(AND(F12<>"",C12="抽查紀錄表",COUNTIF(可連結表單!$J$2:$J$501,F12)=0),"⚠ 配對表號不存在（需為本分項的自主檢查表） ",""))="","✓",TRIM(IF(COUNTIF($A$2:$A$500,A12)>1,"⚠ 表號重複 ","")&IF(OR(B12="",C12=""),"⚠ 必填未填 ","")&IF(AND(TRIM(D12)<>"",I12=""),"⚠ 單元工作表沒有單元 ","")&IF(AND(TRIM(D12)<>"",TRIM(D12)<>"全部",I12<>"",SUMPRODUCT((單元!$A$2:$A$500<>"")*ISNUMBER(SEARCH("、"&單元!$A$2:$A$500&"、","、"&I12&"、")))<LEN(I12)-LEN(SUBSTITUTE(I12,"、",""))+1),"⚠ 有單元不存在 ","")&IF(K12+L12=0,"⚠ 尚無檢查項目 ","")&IF(AND(F12<>"",C12<>"抽查紀錄表"),"⚠ 配對表號僅限抽查紀錄表 ","")&IF(AND(F12<>"",C12="抽查紀錄表",COUNTIF(可連結表單!$J$2:$J$501,F12)=0),"⚠ 配對表號不存在（需為本分項的自主檢查表） ",""))))
I13: =IF(A13="","",IF(TRIM(D13)="","（分項工程層）",IF(TRIM(D13)="全部",_xlfn.TEXTJOIN("、",TRUE,單元!$A$2:$A$500),SUBSTITUTE(SUBSTITUTE(SUBSTITUTE(TRIM(D13),"，","、"),",","、")," ","")))) | J13: =IF(A13="","",IF(TRIM(H13)="","施工前、施工中、施工後",SUBSTITUTE(SUBSTITUTE(SUBSTITUTE(TRIM(H13),"，","、"),",","、")," ",""))) | K13: =IF(A13="","",SUMPRODUCT((檢查項目!$A$2:$A$500=A13)*(檢查項目!$B$2:$B$500=""))) | L13: =IF(A13="","",SUMPRODUCT((檢查項目!$A$2:$A$500=A13)*(檢查項目!$B$2:$B$500<>""))+SUMPRODUCT((數值欄位!$A$2:$A$500=A13)*(數值欄位!$B$2:$B$500<>""))) | M13: =IF(A13="","",IF(TRIM(IF(COUNTIF($A$2:$A$500,A13)>1,"⚠ 表號重複 ","")&IF(OR(B13="",C13=""),"⚠ 必填未填 ","")&IF(AND(TRIM(D13)<>"",I13=""),"⚠ 單元工作表沒有單元 ","")&IF(AND(TRIM(D13)<>"",TRIM(D13)<>"全部",I13<>"",SUMPRODUCT((單元!$A$2:$A$500<>"")*ISNUMBER(SEARCH("、"&單元!$A$2:$A$500&"、","、"&I13&"、")))<LEN(I13)-LEN(SUBSTITUTE(I13,"、",""))+1),"⚠ 有單元不存在 ","")&IF(K13+L13=0,"⚠ 尚無檢查項目 ","")&IF(AND(F13<>"",C13<>"抽查紀錄表"),"⚠ 配對表號僅限抽查紀錄表 ","")&IF(AND(F13<>"",C13="抽查紀錄表",COUNTIF(可連結表單!$J$2:$J$501,F13)=0),"⚠ 配對表號不存在（需為本分項的自主檢查表） ",""))="","✓",TRIM(IF(COUNTIF($A$2:$A$500,A13)>1,"⚠ 表號重複 ","")&IF(OR(B13="",C13=""),"⚠ 必填未填 ","")&IF(AND(TRIM(D13)<>"",I13=""),"⚠ 單元工作表沒有單元 ","")&IF(AND(TRIM(D13)<>"",TRIM(D13)<>"全部",I13<>"",SUMPRODUCT((單元!$A$2:$A$500<>"")*ISNUMBER(SEARCH("、"&單元!$A$2:$A$500&"、","、"&I13&"、")))<LEN(I13)-LEN(SUBSTITUTE(I13,"、",""))+1),"⚠ 有單元不存在 ","")&IF(K13+L13=0,"⚠ 尚無檢查項目 ","")&IF(AND(F13<>"",C13<>"抽查紀錄表"),"⚠ 配對表號僅限抽查紀錄表 ","")&IF(AND(F13<>"",C13="抽查紀錄表",COUNTIF(可連結表單!$J$2:$J$501,F13)=0),"⚠ 配對表號不存在（需為本分項的自主檢查表） ",""))))
... I300: =IF(A300="","",IF(TRIM(D300)="","（分項工程層）",IF(TRIM(D300)="全部",_xlfn.TEXTJOIN("、",TRUE,單元!$A$2:$A$500),SUBSTITUTE(SUBSTITUTE(SUBSTITUTE(TRIM(D300),"，","、"),",","、")," ","")))) | J300: =IF(A300="","",IF(TRIM(H300)="","施工前、施工中、施工後",SUBSTITUTE(SUBSTITUTE(SUBSTITUTE(TRIM(H300),"，","、"),",","、")," ",""))) | K300: =IF(A300="","",SUMPRODUCT((檢查項目!$A$2:$A$500=A300)*(檢查項目!$B$2:$B$500=""))) | L300: =IF(A300="","",SUMPRODUCT((檢查項目!$A$2:$A$500=A300)*(檢查項目!$B$2:$B$500<>""))+SUMPRODUCT((數值欄位!$A$2:$A$500=A300)*(數值欄位!$B$2:$B$500<>""))) | M300: =IF(A300="","",IF(TRIM(IF(COUNTIF($A$2:$A$500,A300)>1,"⚠ 表號重複 ","")&IF(OR(B300="",C300=""),"⚠ 必填未填 ","")&IF(AND(TRIM(D300)<>"",I300=""),"⚠ 單元工作表沒有單元 ","")&IF(AND(TRIM(D300)<>"",TRIM(D300)<>"全部",I300<>"",SUMPRODUCT((單元!$A$2:$A$500<>"")*ISNUMBER(SEARCH("、"&單元!$A$2:$A$500&"、","、"&I300&"、")))<LEN(I300)-LEN(SUBSTITUTE(I300,"、",""))+1),"⚠ 有單元不存在 ","")&IF(K300+L300=0,"⚠ 尚無檢查項目 ","")&IF(AND(F300<>"",C300<>"抽查紀錄表"),"⚠ 配對表號僅限抽查紀錄表 ","")&IF(AND(F300<>"",C300="抽查紀錄表",COUNTIF(可連結表單!$J$2:$J$501,F300)=0),"⚠ 配對表號不存在（需為本分項的自主檢查表） ",""))="","✓",TRIM(IF(COUNTIF($A$2:$A$500,A300)>1,"⚠ 表號重複 ","")&IF(OR(B300="",C300=""),"⚠ 必填未填 ","")&IF(AND(TRIM(D300)<>"",I300=""),"⚠ 單元工作表沒有單元 ","")&IF(AND(TRIM(D300)<>"",TRIM(D300)<>"全部",I300<>"",SUMPRODUCT((單元!$A$2:$A$500<>"")*ISNUMBER(SEARCH("、"&單元!$A$2:$A$500&"、","、"&I300&"、")))<LEN(I300)-LEN(SUBSTITUTE(I300,"、",""))+1),"⚠ 有單元不存在 ","")&IF(K300+L300=0,"⚠ 尚無檢查項目 ","")&IF(AND(F300<>"",C300<>"抽查紀錄表"),"⚠ 配對表號僅限抽查紀錄表 ","")&IF(AND(F300<>"",C300="抽查紀錄表",COUNTIF(可連結表單!$J$2:$J$501,F300)=0),"⚠ 配對表號不存在（需為本分項的自主檢查表） ",""))))

Sheet 檢查項目
A1: 表號 * | B1: 單元編號 | C1: 項次 * | D1: 階段 * | E1: 檢查項目 * | F1: 檢查標準 | G1: 判定類型 * | H1: 停留點 | I1: 必拍照 | J1: 引用文件編號 | K1: 連結表號 | L1: 排除 | M1: 套用方式 | N1: 數值欄位數 | O1: 檢查
M2: =IF(A2="","",IF(B2="","共用",IF(L2="Y","排除（"&B2&"）",IF(SUMPRODUCT(($A$2:$A$500=A2)*($C$2:$C$500=C2)*($B$2:$B$500=""))>0,"覆蓋共用（"&B2&"）","單元新增（"&B2&"）")))) | N2: =IF(A2="","",COUNTIFS(數值欄位!$A$2:$A$500,A2,數值欄位!$C$2:$C$500,C2)) | O2: =IF(A2="","",IF(TRIM(IF(COUNTIF(表單!$A$2:$A$500,A2)=0,"⚠ 表號不存在 ","")&IF(SUMPRODUCT(($A$2:$A$500=A2)*($B$2:$B$500=B2)*($C$2:$C$500=C2))>1,"⚠ 項次重複 ","")&IF(AND(B2<>"",COUNTIF(表單!$A$2:$A$500,A2)>0,NOT(ISNUMBER(SEARCH("、"&B2&"、","、"&IFERROR(INDEX(表單!$I$2:$I$500,MATCH(A2,表單!$A$2:$A$500,0)),"")&"、")))),"⚠ 單元不在適用單元內 ","")&IF(AND(L2="Y",B2=""),"⚠ 排除只能用在單元列 ","")&IF(AND(L2="Y",B2<>"",SUMPRODUCT(($A$2:$A$500=A2)*($C$2:$C$500=C2)*($B$2:$B$500=""))=0),"⚠ 排除需對應共用項次 ","")&IF(AND(L2<>"Y",OR(D2="",E2="",G2="")),"⚠ 必填未填 ","")&IF(AND(L2<>"Y",D2<>"",COUNTIF(表單!$A$2:$A$500,A2)>0,NOT(ISNUMBER(SEARCH("、"&D2&"、","、"&IFERROR(INDEX(表單!$J$2:$J$500,MATCH(A2,表單!$A$2:$A$500,0)),"")&"、")))),"⚠ 階段不在此表單的階段設定內 ","")&IF(AND(L2<>"Y",G2="數值",N2=0),"⚠ 數值需設定欄位 ","")&IF(AND(L2<>"Y",G2="連結表單",K2=""),"⚠ 缺連結表號 ","")&IF(AND(K2<>"",COUNTIF(可連結表單!$J$2:$J$501,K2)=0),"⚠ 連結表號不存在（需為本分項的自主檢查表） ",""))="","✓",TRIM(IF(COUNTIF(表單!$A$2:$A$500,A2)=0,"⚠ 表號不存在 ","")&IF(SUMPRODUCT(($A$2:$A$500=A2)*($B$2:$B$500=B2)*($C$2:$C$500=C2))>1,"⚠ 項次重複 ","")&IF(AND(B2<>"",COUNTIF(表單!$A$2:$A$500,A2)>0,NOT(ISNUMBER(SEARCH("、"&B2&"、","、"&IFERROR(INDEX(表單!$I$2:$I$500,MATCH(A2,表單!$A$2:$A$500,0)),"")&"、")))),"⚠ 單元不在適用單元內 ","")&IF(AND(L2="Y",B2=""),"⚠ 排除只能用在單元列 ","")&IF(AND(L2="Y",B2<>"",SUMPRODUCT(($A$2:$A$500=A2)*($C$2:$C$500=C2)*($B$2:$B$500=""))=0),"⚠ 排除需對應共用項次 ","")&IF(AND(L2<>"Y",OR(D2="",E2="",G2="")),"⚠ 必填未填 ","")&IF(AND(L2<>"Y",D2<>"",COUNTIF(表單!$A$2:$A$500,A2)>0,NOT(ISNUMBER(SEARCH("、"&D2&"、","、"&IFERROR(INDEX(表單!$J$2:$J$500,MATCH(A2,表單!$A$2:$A$500,0)),"")&"、")))),"⚠ 階段不在此表單的階段設定內 ","")&IF(AND(L2<>"Y",G2="數值",N2=0),"⚠ 數值需設定欄位 ","")&IF(AND(L2<>"Y",G2="連結表單",K2=""),"⚠ 缺連結表號 ","")&IF(AND(K2<>"",COUNTIF(可連結表單!$J$2:$J$501,K2)=0),"⚠ 連結表號不存在（需為本分項的自主檢查表） ",""))))
M3: =IF(A3="","",IF(B3="","共用",IF(L3="Y","排除（"&B3&"）",IF(SUMPRODUCT(($A$2:$A$500=A3)*($C$2:$C$500=C3)*($B$2:$B$500=""))>0,"覆蓋共用（"&B3&"）","單元新增（"&B3&"）")))) | N3: =IF(A3="","",COUNTIFS(數值欄位!$A$2:$A$500,A3,數值欄位!$C$2:$C$500,C3)) | O3: =IF(A3="","",IF(TRIM(IF(COUNTIF(表單!$A$2:$A$500,A3)=0,"⚠ 表號不存在 ","")&IF(SUMPRODUCT(($A$2:$A$500=A3)*($B$2:$B$500=B3)*($C$2:$C$500=C3))>1,"⚠ 項次重複 ","")&IF(AND(B3<>"",COUNTIF(表單!$A$2:$A$500,A3)>0,NOT(ISNUMBER(SEARCH("、"&B3&"、","、"&IFERROR(INDEX(表單!$I$2:$I$500,MATCH(A3,表單!$A$2:$A$500,0)),"")&"、")))),"⚠ 單元不在適用單元內 ","")&IF(AND(L3="Y",B3=""),"⚠ 排除只能用在單元列 ","")&IF(AND(L3="Y",B3<>"",SUMPRODUCT(($A$2:$A$500=A3)*($C$2:$C$500=C3)*($B$2:$B$500=""))=0),"⚠ 排除需對應共用項次 ","")&IF(AND(L3<>"Y",OR(D3="",E3="",G3="")),"⚠ 必填未填 ","")&IF(AND(L3<>"Y",D3<>"",COUNTIF(表單!$A$2:$A$500,A3)>0,NOT(ISNUMBER(SEARCH("、"&D3&"、","、"&IFERROR(INDEX(表單!$J$2:$J$500,MATCH(A3,表單!$A$2:$A$500,0)),"")&"、")))),"⚠ 階段不在此表單的階段設定內 ","")&IF(AND(L3<>"Y",G3="數值",N3=0),"⚠ 數值需設定欄位 ","")&IF(AND(L3<>"Y",G3="連結表單",K3=""),"⚠ 缺連結表號 ","")&IF(AND(K3<>"",COUNTIF(可連結表單!$J$2:$J$501,K3)=0),"⚠ 連結表號不存在（需為本分項的自主檢查表） ",""))="","✓",TRIM(IF(COUNTIF(表單!$A$2:$A$500,A3)=0,"⚠ 表號不存在 ","")&IF(SUMPRODUCT(($A$2:$A$500=A3)*($B$2:$B$500=B3)*($C$2:$C$500=C3))>1,"⚠ 項次重複 ","")&IF(AND(B3<>"",COUNTIF(表單!$A$2:$A$500,A3)>0,NOT(ISNUMBER(SEARCH("、"&B3&"、","、"&IFERROR(INDEX(表單!$I$2:$I$500,MATCH(A3,表單!$A$2:$A$500,0)),"")&"、")))),"⚠ 單元不在適用單元內 ","")&IF(AND(L3="Y",B3=""),"⚠ 排除只能用在單元列 ","")&IF(AND(L3="Y",B3<>"",SUMPRODUCT(($A$2:$A$500=A3)*($C$2:$C$500=C3)*($B$2:$B$500=""))=0),"⚠ 排除需對應共用項次 ","")&IF(AND(L3<>"Y",OR(D3="",E3="",G3="")),"⚠ 必填未填 ","")&IF(AND(L3<>"Y",D3<>"",COUNTIF(表單!$A$2:$A$500,A3)>0,NOT(ISNUMBER(SEARCH("、"&D3&"、","、"&IFERROR(INDEX(表單!$J$2:$J$500,MATCH(A3,表單!$A$2:$A$500,0)),"")&"、")))),"⚠ 階段不在此表單的階段設定內 ","")&IF(AND(L3<>"Y",G3="數值",N3=0),"⚠ 數值需設定欄位 ","")&IF(AND(L3<>"Y",G3="連結表單",K3=""),"⚠ 缺連結表號 ","")&IF(AND(K3<>"",COUNTIF(可連結表單!$J$2:$J$501,K3)=0),"⚠ 連結表號不存在（需為本分項的自主檢查表） ",""))))
M4: =IF(A4="","",IF(B4="","共用",IF(L4="Y","排除（"&B4&"）",IF(SUMPRODUCT(($A$2:$A$500=A4)*($C$2:$C$500=C4)*($B$2:$B$500=""))>0,"覆蓋共用（"&B4&"）","單元新增（"&B4&"）")))) | N4: =IF(A4="","",COUNTIFS(數值欄位!$A$2:$A$500,A4,數值欄位!$C$2:$C$500,C4)) | O4: =IF(A4="","",IF(TRIM(IF(COUNTIF(表單!$A$2:$A$500,A4)=0,"⚠ 表號不存在 ","")&IF(SUMPRODUCT(($A$2:$A$500=A4)*($B$2:$B$500=B4)*($C$2:$C$500=C4))>1,"⚠ 項次重複 ","")&IF(AND(B4<>"",COUNTIF(表單!$A$2:$A$500,A4)>0,NOT(ISNUMBER(SEARCH("、"&B4&"、","、"&IFERROR(INDEX(表單!$I$2:$I$500,MATCH(A4,表單!$A$2:$A$500,0)),"")&"、")))),"⚠ 單元不在適用單元內 ","")&IF(AND(L4="Y",B4=""),"⚠ 排除只能用在單元列 ","")&IF(AND(L4="Y",B4<>"",SUMPRODUCT(($A$2:$A$500=A4)*($C$2:$C$500=C4)*($B$2:$B$500=""))=0),"⚠ 排除需對應共用項次 ","")&IF(AND(L4<>"Y",OR(D4="",E4="",G4="")),"⚠ 必填未填 ","")&IF(AND(L4<>"Y",D4<>"",COUNTIF(表單!$A$2:$A$500,A4)>0,NOT(ISNUMBER(SEARCH("、"&D4&"、","、"&IFERROR(INDEX(表單!$J$2:$J$500,MATCH(A4,表單!$A$2:$A$500,0)),"")&"、")))),"⚠ 階段不在此表單的階段設定內 ","")&IF(AND(L4<>"Y",G4="數值",N4=0),"⚠ 數值需設定欄位 ","")&IF(AND(L4<>"Y",G4="連結表單",K4=""),"⚠ 缺連結表號 ","")&IF(AND(K4<>"",COUNTIF(可連結表單!$J$2:$J$501,K4)=0),"⚠ 連結表號不存在（需為本分項的自主檢查表） ",""))="","✓",TRIM(IF(COUNTIF(表單!$A$2:$A$500,A4)=0,"⚠ 表號不存在 ","")&IF(SUMPRODUCT(($A$2:$A$500=A4)*($B$2:$B$500=B4)*($C$2:$C$500=C4))>1,"⚠ 項次重複 ","")&IF(AND(B4<>"",COUNTIF(表單!$A$2:$A$500,A4)>0,NOT(ISNUMBER(SEARCH("、"&B4&"、","、"&IFERROR(INDEX(表單!$I$2:$I$500,MATCH(A4,表單!$A$2:$A$500,0)),"")&"、")))),"⚠ 單元不在適用單元內 ","")&IF(AND(L4="Y",B4=""),"⚠ 排除只能用在單元列 ","")&IF(AND(L4="Y",B4<>"",SUMPRODUCT(($A$2:$A$500=A4)*($C$2:$C$500=C4)*($B$2:$B$500=""))=0),"⚠ 排除需對應共用項次 ","")&IF(AND(L4<>"Y",OR(D4="",E4="",G4="")),"⚠ 必填未填 ","")&IF(AND(L4<>"Y",D4<>"",COUNTIF(表單!$A$2:$A$500,A4)>0,NOT(ISNUMBER(SEARCH("、"&D4&"、","、"&IFERROR(INDEX(表單!$J$2:$J$500,MATCH(A4,表單!$A$2:$A$500,0)),"")&"、")))),"⚠ 階段不在此表單的階段設定內 ","")&IF(AND(L4<>"Y",G4="數值",N4=0),"⚠ 數值需設定欄位 ","")&IF(AND(L4<>"Y",G4="連結表單",K4=""),"⚠ 缺連結表號 ","")&IF(AND(K4<>"",COUNTIF(可連結表單!$J$2:$J$501,K4)=0),"⚠ 連結表號不存在（需為本分項的自主檢查表） ",""))))
M5: =IF(A5="","",IF(B5="","共用",IF(L5="Y","排除（"&B5&"）",IF(SUMPRODUCT(($A$2:$A$500=A5)*($C$2:$C$500=C5)*($B$2:$B$500=""))>0,"覆蓋共用（"&B5&"）","單元新增（"&B5&"）")))) | N5: =IF(A5="","",COUNTIFS(數值欄位!$A$2:$A$500,A5,數值欄位!$C$2:$C$500,C5)) | O5: =IF(A5="","",IF(TRIM(IF(COUNTIF(表單!$A$2:$A$500,A5)=0,"⚠ 表號不存在 ","")&IF(SUMPRODUCT(($A$2:$A$500=A5)*($B$2:$B$500=B5)*($C$2:$C$500=C5))>1,"⚠ 項次重複 ","")&IF(AND(B5<>"",COUNTIF(表單!$A$2:$A$500,A5)>0,NOT(ISNUMBER(SEARCH("、"&B5&"、","、"&IFERROR(INDEX(表單!$I$2:$I$500,MATCH(A5,表單!$A$2:$A$500,0)),"")&"、")))),"⚠ 單元不在適用單元內 ","")&IF(AND(L5="Y",B5=""),"⚠ 排除只能用在單元列 ","")&IF(AND(L5="Y",B5<>"",SUMPRODUCT(($A$2:$A$500=A5)*($C$2:$C$500=C5)*($B$2:$B$500=""))=0),"⚠ 排除需對應共用項次 ","")&IF(AND(L5<>"Y",OR(D5="",E5="",G5="")),"⚠ 必填未填 ","")&IF(AND(L5<>"Y",D5<>"",COUNTIF(表單!$A$2:$A$500,A5)>0,NOT(ISNUMBER(SEARCH("、"&D5&"、","、"&IFERROR(INDEX(表單!$J$2:$J$500,MATCH(A5,表單!$A$2:$A$500,0)),"")&"、")))),"⚠ 階段不在此表單的階段設定內 ","")&IF(AND(L5<>"Y",G5="數值",N5=0),"⚠ 數值需設定欄位 ","")&IF(AND(L5<>"Y",G5="連結表單",K5=""),"⚠ 缺連結表號 ","")&IF(AND(K5<>"",COUNTIF(可連結表單!$J$2:$J$501,K5)=0),"⚠ 連結表號不存在（需為本分項的自主檢查表） ",""))="","✓",TRIM(IF(COUNTIF(表單!$A$2:$A$500,A5)=0,"⚠ 表號不存在 ","")&IF(SUMPRODUCT(($A$2:$A$500=A5)*($B$2:$B$500=B5)*($C$2:$C$500=C5))>1,"⚠ 項次重複 ","")&IF(AND(B5<>"",COUNTIF(表單!$A$2:$A$500,A5)>0,NOT(ISNUMBER(SEARCH("、"&B5&"、","、"&IFERROR(INDEX(表單!$I$2:$I$500,MATCH(A5,表單!$A$2:$A$500,0)),"")&"、")))),"⚠ 單元不在適用單元內 ","")&IF(AND(L5="Y",B5=""),"⚠ 排除只能用在單元列 ","")&IF(AND(L5="Y",B5<>"",SUMPRODUCT(($A$2:$A$500=A5)*($C$2:$C$500=C5)*($B$2:$B$500=""))=0),"⚠ 排除需對應共用項次 ","")&IF(AND(L5<>"Y",OR(D5="",E5="",G5="")),"⚠ 必填未填 ","")&IF(AND(L5<>"Y",D5<>"",COUNTIF(表單!$A$2:$A$500,A5)>0,NOT(ISNUMBER(SEARCH("、"&D5&"、","、"&IFERROR(INDEX(表單!$J$2:$J$500,MATCH(A5,表單!$A$2:$A$500,0)),"")&"、")))),"⚠ 階段不在此表單的階段設定內 ","")&IF(AND(L5<>"Y",G5="數值",N5=0),"⚠ 數值需設定欄位 ","")&IF(AND(L5<>"Y",G5="連結表單",K5=""),"⚠ 缺連結表號 ","")&IF(AND(K5<>"",COUNTIF(可連結表單!$J$2:$J$501,K5)=0),"⚠ 連結表號不存在（需為本分項的自主檢查表） ",""))))
M6: =IF(A6="","",IF(B6="","共用",IF(L6="Y","排除（"&B6&"）",IF(SUMPRODUCT(($A$2:$A$500=A6)*($C$2:$C$500=C6)*($B$2:$B$500=""))>0,"覆蓋共用（"&B6&"）","單元新增（"&B6&"）")))) | N6: =IF(A6="","",COUNTIFS(數值欄位!$A$2:$A$500,A6,數值欄位!$C$2:$C$500,C6)) | O6: =IF(A6="","",IF(TRIM(IF(COUNTIF(表單!$A$2:$A$500,A6)=0,"⚠ 表號不存在 ","")&IF(SUMPRODUCT(($A$2:$A$500=A6)*($B$2:$B$500=B6)*($C$2:$C$500=C6))>1,"⚠ 項次重複 ","")&IF(AND(B6<>"",COUNTIF(表單!$A$2:$A$500,A6)>0,NOT(ISNUMBER(SEARCH("、"&B6&"、","、"&IFERROR(INDEX(表單!$I$2:$I$500,MATCH(A6,表單!$A$2:$A$500,0)),"")&"、")))),"⚠ 單元不在適用單元內 ","")&IF(AND(L6="Y",B6=""),"⚠ 排除只能用在單元列 ","")&IF(AND(L6="Y",B6<>"",SUMPRODUCT(($A$2:$A$500=A6)*($C$2:$C$500=C6)*($B$2:$B$500=""))=0),"⚠ 排除需對應共用項次 ","")&IF(AND(L6<>"Y",OR(D6="",E6="",G6="")),"⚠ 必填未填 ","")&IF(AND(L6<>"Y",D6<>"",COUNTIF(表單!$A$2:$A$500,A6)>0,NOT(ISNUMBER(SEARCH("、"&D6&"、","、"&IFERROR(INDEX(表單!$J$2:$J$500,MATCH(A6,表單!$A$2:$A$500,0)),"")&"、")))),"⚠ 階段不在此表單的階段設定內 ","")&IF(AND(L6<>"Y",G6="數值",N6=0),"⚠ 數值需設定欄位 ","")&IF(AND(L6<>"Y",G6="連結表單",K6=""),"⚠ 缺連結表號 ","")&IF(AND(K6<>"",COUNTIF(可連結表單!$J$2:$J$501,K6)=0),"⚠ 連結表號不存在（需為本分項的自主檢查表） ",""))="","✓",TRIM(IF(COUNTIF(表單!$A$2:$A$500,A6)=0,"⚠ 表號不存在 ","")&IF(SUMPRODUCT(($A$2:$A$500=A6)*($B$2:$B$500=B6)*($C$2:$C$500=C6))>1,"⚠ 項次重複 ","")&IF(AND(B6<>"",COUNTIF(表單!$A$2:$A$500,A6)>0,NOT(ISNUMBER(SEARCH("、"&B6&"、","、"&IFERROR(INDEX(表單!$I$2:$I$500,MATCH(A6,表單!$A$2:$A$500,0)),"")&"、")))),"⚠ 單元不在適用單元內 ","")&IF(AND(L6="Y",B6=""),"⚠ 排除只能用在單元列 ","")&IF(AND(L6="Y",B6<>"",SUMPRODUCT(($A$2:$A$500=A6)*($C$2:$C$500=C6)*($B$2:$B$500=""))=0),"⚠ 排除需對應共用項次 ","")&IF(AND(L6<>"Y",OR(D6="",E6="",G6="")),"⚠ 必填未填 ","")&IF(AND(L6<>"Y",D6<>"",COUNTIF(表單!$A$2:$A$500,A6)>0,NOT(ISNUMBER(SEARCH("、"&D6&"、","、"&IFERROR(INDEX(表單!$J$2:$J$500,MATCH(A6,表單!$A$2:$A$500,0)),"")&"、")))),"⚠ 階段不在此表單的階段設定內 ","")&IF(AND(L6<>"Y",G6="數值",N6=0),"⚠ 數值需設定欄位 ","")&IF(AND(L6<>"Y",G6="連結表單",K6=""),"⚠ 缺連結表號 ","")&IF(AND(K6<>"",COUNTIF(可連結表單!$J$2:$J$501,K6)=0),"⚠ 連結表號不存在（需為本分項的自主檢查表） ",""))))
M7: =IF(A7="","",IF(B7="","共用",IF(L7="Y","排除（"&B7&"）",IF(SUMPRODUCT(($A$2:$A$500=A7)*($C$2:$C$500=C7)*($B$2:$B$500=""))>0,"覆蓋共用（"&B7&"）","單元新增（"&B7&"）")))) | N7: =IF(A7="","",COUNTIFS(數值欄位!$A$2:$A$500,A7,數值欄位!$C$2:$C$500,C7)) | O7: =IF(A7="","",IF(TRIM(IF(COUNTIF(表單!$A$2:$A$500,A7)=0,"⚠ 表號不存在 ","")&IF(SUMPRODUCT(($A$2:$A$500=A7)*($B$2:$B$500=B7)*($C$2:$C$500=C7))>1,"⚠ 項次重複 ","")&IF(AND(B7<>"",COUNTIF(表單!$A$2:$A$500,A7)>0,NOT(ISNUMBER(SEARCH("、"&B7&"、","、"&IFERROR(INDEX(表單!$I$2:$I$500,MATCH(A7,表單!$A$2:$A$500,0)),"")&"、")))),"⚠ 單元不在適用單元內 ","")&IF(AND(L7="Y",B7=""),"⚠ 排除只能用在單元列 ","")&IF(AND(L7="Y",B7<>"",SUMPRODUCT(($A$2:$A$500=A7)*($C$2:$C$500=C7)*($B$2:$B$500=""))=0),"⚠ 排除需對應共用項次 ","")&IF(AND(L7<>"Y",OR(D7="",E7="",G7="")),"⚠ 必填未填 ","")&IF(AND(L7<>"Y",D7<>"",COUNTIF(表單!$A$2:$A$500,A7)>0,NOT(ISNUMBER(SEARCH("、"&D7&"、","、"&IFERROR(INDEX(表單!$J$2:$J$500,MATCH(A7,表單!$A$2:$A$500,0)),"")&"、")))),"⚠ 階段不在此表單的階段設定內 ","")&IF(AND(L7<>"Y",G7="數值",N7=0),"⚠ 數值需設定欄位 ","")&IF(AND(L7<>"Y",G7="連結表單",K7=""),"⚠ 缺連結表號 ","")&IF(AND(K7<>"",COUNTIF(可連結表單!$J$2:$J$501,K7)=0),"⚠ 連結表號不存在（需為本分項的自主檢查表） ",""))="","✓",TRIM(IF(COUNTIF(表單!$A$2:$A$500,A7)=0,"⚠ 表號不存在 ","")&IF(SUMPRODUCT(($A$2:$A$500=A7)*($B$2:$B$500=B7)*($C$2:$C$500=C7))>1,"⚠ 項次重複 ","")&IF(AND(B7<>"",COUNTIF(表單!$A$2:$A$500,A7)>0,NOT(ISNUMBER(SEARCH("、"&B7&"、","、"&IFERROR(INDEX(表單!$I$2:$I$500,MATCH(A7,表單!$A$2:$A$500,0)),"")&"、")))),"⚠ 單元不在適用單元內 ","")&IF(AND(L7="Y",B7=""),"⚠ 排除只能用在單元列 ","")&IF(AND(L7="Y",B7<>"",SUMPRODUCT(($A$2:$A$500=A7)*($C$2:$C$500=C7)*($B$2:$B$500=""))=0),"⚠ 排除需對應共用項次 ","")&IF(AND(L7<>"Y",OR(D7="",E7="",G7="")),"⚠ 必填未填 ","")&IF(AND(L7<>"Y",D7<>"",COUNTIF(表單!$A$2:$A$500,A7)>0,NOT(ISNUMBER(SEARCH("、"&D7&"、","、"&IFERROR(INDEX(表單!$J$2:$J$500,MATCH(A7,表單!$A$2:$A$500,0)),"")&"、")))),"⚠ 階段不在此表單的階段設定內 ","")&IF(AND(L7<>"Y",G7="數值",N7=0),"⚠ 數值需設定欄位 ","")&IF(AND(L7<>"Y",G7="連結表單",K7=""),"⚠ 缺連結表號 ","")&IF(AND(K7<>"",COUNTIF(可連結表單!$J$2:$J$501,K7)=0),"⚠ 連結表號不存在（需為本分項的自主檢查表） ",""))))
M8: =IF(A8="","",IF(B8="","共用",IF(L8="Y","排除（"&B8&"）",IF(SUMPRODUCT(($A$2:$A$500=A8)*($C$2:$C$500=C8)*($B$2:$B$500=""))>0,"覆蓋共用（"&B8&"）","單元新增（"&B8&"）")))) | N8: =IF(A8="","",COUNTIFS(數值欄位!$A$2:$A$500,A8,數值欄位!$C$2:$C$500,C8)) | O8: =IF(A8="","",IF(TRIM(IF(COUNTIF(表單!$A$2:$A$500,A8)=0,"⚠ 表號不存在 ","")&IF(SUMPRODUCT(($A$2:$A$500=A8)*($B$2:$B$500=B8)*($C$2:$C$500=C8))>1,"⚠ 項次重複 ","")&IF(AND(B8<>"",COUNTIF(表單!$A$2:$A$500,A8)>0,NOT(ISNUMBER(SEARCH("、"&B8&"、","、"&IFERROR(INDEX(表單!$I$2:$I$500,MATCH(A8,表單!$A$2:$A$500,0)),"")&"、")))),"⚠ 單元不在適用單元內 ","")&IF(AND(L8="Y",B8=""),"⚠ 排除只能用在單元列 ","")&IF(AND(L8="Y",B8<>"",SUMPRODUCT(($A$2:$A$500=A8)*($C$2:$C$500=C8)*($B$2:$B$500=""))=0),"⚠ 排除需對應共用項次 ","")&IF(AND(L8<>"Y",OR(D8="",E8="",G8="")),"⚠ 必填未填 ","")&IF(AND(L8<>"Y",D8<>"",COUNTIF(表單!$A$2:$A$500,A8)>0,NOT(ISNUMBER(SEARCH("、"&D8&"、","、"&IFERROR(INDEX(表單!$J$2:$J$500,MATCH(A8,表單!$A$2:$A$500,0)),"")&"、")))),"⚠ 階段不在此表單的階段設定內 ","")&IF(AND(L8<>"Y",G8="數值",N8=0),"⚠ 數值需設定欄位 ","")&IF(AND(L8<>"Y",G8="連結表單",K8=""),"⚠ 缺連結表號 ","")&IF(AND(K8<>"",COUNTIF(可連結表單!$J$2:$J$501,K8)=0),"⚠ 連結表號不存在（需為本分項的自主檢查表） ",""))="","✓",TRIM(IF(COUNTIF(表單!$A$2:$A$500,A8)=0,"⚠ 表號不存在 ","")&IF(SUMPRODUCT(($A$2:$A$500=A8)*($B$2:$B$500=B8)*($C$2:$C$500=C8))>1,"⚠ 項次重複 ","")&IF(AND(B8<>"",COUNTIF(表單!$A$2:$A$500,A8)>0,NOT(ISNUMBER(SEARCH("、"&B8&"、","、"&IFERROR(INDEX(表單!$I$2:$I$500,MATCH(A8,表單!$A$2:$A$500,0)),"")&"、")))),"⚠ 單元不在適用單元內 ","")&IF(AND(L8="Y",B8=""),"⚠ 排除只能用在單元列 ","")&IF(AND(L8="Y",B8<>"",SUMPRODUCT(($A$2:$A$500=A8)*($C$2:$C$500=C8)*($B$2:$B$500=""))=0),"⚠ 排除需對應共用項次 ","")&IF(AND(L8<>"Y",OR(D8="",E8="",G8="")),"⚠ 必填未填 ","")&IF(AND(L8<>"Y",D8<>"",COUNTIF(表單!$A$2:$A$500,A8)>0,NOT(ISNUMBER(SEARCH("、"&D8&"、","、"&IFERROR(INDEX(表單!$J$2:$J$500,MATCH(A8,表單!$A$2:$A$500,0)),"")&"、")))),"⚠ 階段不在此表單的階段設定內 ","")&IF(AND(L8<>"Y",G8="數值",N8=0),"⚠ 數值需設定欄位 ","")&IF(AND(L8<>"Y",G8="連結表單",K8=""),"⚠ 缺連結表號 ","")&IF(AND(K8<>"",COUNTIF(可連結表單!$J$2:$J$501,K8)=0),"⚠ 連結表號不存在（需為本分項的自主檢查表） ",""))))
M9: =IF(A9="","",IF(B9="","共用",IF(L9="Y","排除（"&B9&"）",IF(SUMPRODUCT(($A$2:$A$500=A9)*($C$2:$C$500=C9)*($B$2:$B$500=""))>0,"覆蓋共用（"&B9&"）","單元新增（"&B9&"）")))) | N9: =IF(A9="","",COUNTIFS(數值欄位!$A$2:$A$500,A9,數值欄位!$C$2:$C$500,C9)) | O9: =IF(A9="","",IF(TRIM(IF(COUNTIF(表單!$A$2:$A$500,A9)=0,"⚠ 表號不存在 ","")&IF(SUMPRODUCT(($A$2:$A$500=A9)*($B$2:$B$500=B9)*($C$2:$C$500=C9))>1,"⚠ 項次重複 ","")&IF(AND(B9<>"",COUNTIF(表單!$A$2:$A$500,A9)>0,NOT(ISNUMBER(SEARCH("、"&B9&"、","、"&IFERROR(INDEX(表單!$I$2:$I$500,MATCH(A9,表單!$A$2:$A$500,0)),"")&"、")))),"⚠ 單元不在適用單元內 ","")&IF(AND(L9="Y",B9=""),"⚠ 排除只能用在單元列 ","")&IF(AND(L9="Y",B9<>"",SUMPRODUCT(($A$2:$A$500=A9)*($C$2:$C$500=C9)*($B$2:$B$500=""))=0),"⚠ 排除需對應共用項次 ","")&IF(AND(L9<>"Y",OR(D9="",E9="",G9="")),"⚠ 必填未填 ","")&IF(AND(L9<>"Y",D9<>"",COUNTIF(表單!$A$2:$A$500,A9)>0,NOT(ISNUMBER(SEARCH("、"&D9&"、","、"&IFERROR(INDEX(表單!$J$2:$J$500,MATCH(A9,表單!$A$2:$A$500,0)),"")&"、")))),"⚠ 階段不在此表單的階段設定內 ","")&IF(AND(L9<>"Y",G9="數值",N9=0),"⚠ 數值需設定欄位 ","")&IF(AND(L9<>"Y",G9="連結表單",K9=""),"⚠ 缺連結表號 ","")&IF(AND(K9<>"",COUNTIF(可連結表單!$J$2:$J$501,K9)=0),"⚠ 連結表號不存在（需為本分項的自主檢查表） ",""))="","✓",TRIM(IF(COUNTIF(表單!$A$2:$A$500,A9)=0,"⚠ 表號不存在 ","")&IF(SUMPRODUCT(($A$2:$A$500=A9)*($B$2:$B$500=B9)*($C$2:$C$500=C9))>1,"⚠ 項次重複 ","")&IF(AND(B9<>"",COUNTIF(表單!$A$2:$A$500,A9)>0,NOT(ISNUMBER(SEARCH("、"&B9&"、","、"&IFERROR(INDEX(表單!$I$2:$I$500,MATCH(A9,表單!$A$2:$A$500,0)),"")&"、")))),"⚠ 單元不在適用單元內 ","")&IF(AND(L9="Y",B9=""),"⚠ 排除只能用在單元列 ","")&IF(AND(L9="Y",B9<>"",SUMPRODUCT(($A$2:$A$500=A9)*($C$2:$C$500=C9)*($B$2:$B$500=""))=0),"⚠ 排除需對應共用項次 ","")&IF(AND(L9<>"Y",OR(D9="",E9="",G9="")),"⚠ 必填未填 ","")&IF(AND(L9<>"Y",D9<>"",COUNTIF(表單!$A$2:$A$500,A9)>0,NOT(ISNUMBER(SEARCH("、"&D9&"、","、"&IFERROR(INDEX(表單!$J$2:$J$500,MATCH(A9,表單!$A$2:$A$500,0)),"")&"、")))),"⚠ 階段不在此表單的階段設定內 ","")&IF(AND(L9<>"Y",G9="數值",N9=0),"⚠ 數值需設定欄位 ","")&IF(AND(L9<>"Y",G9="連結表單",K9=""),"⚠ 缺連結表號 ","")&IF(AND(K9<>"",COUNTIF(可連結表單!$J$2:$J$501,K9)=0),"⚠ 連結表號不存在（需為本分項的自主檢查表） ",""))))
M10: =IF(A10="","",IF(B10="","共用",IF(L10="Y","排除（"&B10&"）",IF(SUMPRODUCT(($A$2:$A$500=A10)*($C$2:$C$500=C10)*($B$2:$B$500=""))>0,"覆蓋共用（"&B10&"）","單元新增（"&B10&"）")))) | N10: =IF(A10="","",COUNTIFS(數值欄位!$A$2:$A$500,A10,數值欄位!$C$2:$C$500,C10)) | O10: =IF(A10="","",IF(TRIM(IF(COUNTIF(表單!$A$2:$A$500,A10)=0,"⚠ 表號不存在 ","")&IF(SUMPRODUCT(($A$2:$A$500=A10)*($B$2:$B$500=B10)*($C$2:$C$500=C10))>1,"⚠ 項次重複 ","")&IF(AND(B10<>"",COUNTIF(表單!$A$2:$A$500,A10)>0,NOT(ISNUMBER(SEARCH("、"&B10&"、","、"&IFERROR(INDEX(表單!$I$2:$I$500,MATCH(A10,表單!$A$2:$A$500,0)),"")&"、")))),"⚠ 單元不在適用單元內 ","")&IF(AND(L10="Y",B10=""),"⚠ 排除只能用在單元列 ","")&IF(AND(L10="Y",B10<>"",SUMPRODUCT(($A$2:$A$500=A10)*($C$2:$C$500=C10)*($B$2:$B$500=""))=0),"⚠ 排除需對應共用項次 ","")&IF(AND(L10<>"Y",OR(D10="",E10="",G10="")),"⚠ 必填未填 ","")&IF(AND(L10<>"Y",D10<>"",COUNTIF(表單!$A$2:$A$500,A10)>0,NOT(ISNUMBER(SEARCH("、"&D10&"、","、"&IFERROR(INDEX(表單!$J$2:$J$500,MATCH(A10,表單!$A$2:$A$500,0)),"")&"、")))),"⚠ 階段不在此表單的階段設定內 ","")&IF(AND(L10<>"Y",G10="數值",N10=0),"⚠ 數值需設定欄位 ","")&IF(AND(L10<>"Y",G10="連結表單",K10=""),"⚠ 缺連結表號 ","")&IF(AND(K10<>"",COUNTIF(可連結表單!$J$2:$J$501,K10)=0),"⚠ 連結表號不存在（需為本分項的自主檢查表） ",""))="","✓",TRIM(IF(COUNTIF(表單!$A$2:$A$500,A10)=0,"⚠ 表號不存在 ","")&IF(SUMPRODUCT(($A$2:$A$500=A10)*($B$2:$B$500=B10)*($C$2:$C$500=C10))>1,"⚠ 項次重複 ","")&IF(AND(B10<>"",COUNTIF(表單!$A$2:$A$500,A10)>0,NOT(ISNUMBER(SEARCH("、"&B10&"、","、"&IFERROR(INDEX(表單!$I$2:$I$500,MATCH(A10,表單!$A$2:$A$500,0)),"")&"、")))),"⚠ 單元不在適用單元內 ","")&IF(AND(L10="Y",B10=""),"⚠ 排除只能用在單元列 ","")&IF(AND(L10="Y",B10<>"",SUMPRODUCT(($A$2:$A$500=A10)*($C$2:$C$500=C10)*($B$2:$B$500=""))=0),"⚠ 排除需對應共用項次 ","")&IF(AND(L10<>"Y",OR(D10="",E10="",G10="")),"⚠ 必填未填 ","")&IF(AND(L10<>"Y",D10<>"",COUNTIF(表單!$A$2:$A$500,A10)>0,NOT(ISNUMBER(SEARCH("、"&D10&"、","、"&IFERROR(INDEX(表單!$J$2:$J$500,MATCH(A10,表單!$A$2:$A$500,0)),"")&"、")))),"⚠ 階段不在此表單的階段設定內 ","")&IF(AND(L10<>"Y",G10="數值",N10=0),"⚠ 數值需設定欄位 ","")&IF(AND(L10<>"Y",G10="連結表單",K10=""),"⚠ 缺連結表號 ","")&IF(AND(K10<>"",COUNTIF(可連結表單!$J$2:$J$501,K10)=0),"⚠ 連結表號不存在（需為本分項的自主檢查表） ",""))))
M11: =IF(A11="","",IF(B11="","共用",IF(L11="Y","排除（"&B11&"）",IF(SUMPRODUCT(($A$2:$A$500=A11)*($C$2:$C$500=C11)*($B$2:$B$500=""))>0,"覆蓋共用（"&B11&"）","單元新增（"&B11&"）")))) | N11: =IF(A11="","",COUNTIFS(數值欄位!$A$2:$A$500,A11,數值欄位!$C$2:$C$500,C11)) | O11: =IF(A11="","",IF(TRIM(IF(COUNTIF(表單!$A$2:$A$500,A11)=0,"⚠ 表號不存在 ","")&IF(SUMPRODUCT(($A$2:$A$500=A11)*($B$2:$B$500=B11)*($C$2:$C$500=C11))>1,"⚠ 項次重複 ","")&IF(AND(B11<>"",COUNTIF(表單!$A$2:$A$500,A11)>0,NOT(ISNUMBER(SEARCH("、"&B11&"、","、"&IFERROR(INDEX(表單!$I$2:$I$500,MATCH(A11,表單!$A$2:$A$500,0)),"")&"、")))),"⚠ 單元不在適用單元內 ","")&IF(AND(L11="Y",B11=""),"⚠ 排除只能用在單元列 ","")&IF(AND(L11="Y",B11<>"",SUMPRODUCT(($A$2:$A$500=A11)*($C$2:$C$500=C11)*($B$2:$B$500=""))=0),"⚠ 排除需對應共用項次 ","")&IF(AND(L11<>"Y",OR(D11="",E11="",G11="")),"⚠ 必填未填 ","")&IF(AND(L11<>"Y",D11<>"",COUNTIF(表單!$A$2:$A$500,A11)>0,NOT(ISNUMBER(SEARCH("、"&D11&"、","、"&IFERROR(INDEX(表單!$J$2:$J$500,MATCH(A11,表單!$A$2:$A$500,0)),"")&"、")))),"⚠ 階段不在此表單的階段設定內 ","")&IF(AND(L11<>"Y",G11="數值",N11=0),"⚠ 數值需設定欄位 ","")&IF(AND(L11<>"Y",G11="連結表單",K11=""),"⚠ 缺連結表號 ","")&IF(AND(K11<>"",COUNTIF(可連結表單!$J$2:$J$501,K11)=0),"⚠ 連結表號不存在（需為本分項的自主檢查表） ",""))="","✓",TRIM(IF(COUNTIF(表單!$A$2:$A$500,A11)=0,"⚠ 表號不存在 ","")&IF(SUMPRODUCT(($A$2:$A$500=A11)*($B$2:$B$500=B11)*($C$2:$C$500=C11))>1,"⚠ 項次重複 ","")&IF(AND(B11<>"",COUNTIF(表單!$A$2:$A$500,A11)>0,NOT(ISNUMBER(SEARCH("、"&B11&"、","、"&IFERROR(INDEX(表單!$I$2:$I$500,MATCH(A11,表單!$A$2:$A$500,0)),"")&"、")))),"⚠ 單元不在適用單元內 ","")&IF(AND(L11="Y",B11=""),"⚠ 排除只能用在單元列 ","")&IF(AND(L11="Y",B11<>"",SUMPRODUCT(($A$2:$A$500=A11)*($C$2:$C$500=C11)*($B$2:$B$500=""))=0),"⚠ 排除需對應共用項次 ","")&IF(AND(L11<>"Y",OR(D11="",E11="",G11="")),"⚠ 必填未填 ","")&IF(AND(L11<>"Y",D11<>"",COUNTIF(表單!$A$2:$A$500,A11)>0,NOT(ISNUMBER(SEARCH("、"&D11&"、","、"&IFERROR(INDEX(表單!$J$2:$J$500,MATCH(A11,表單!$A$2:$A$500,0)),"")&"、")))),"⚠ 階段不在此表單的階段設定內 ","")&IF(AND(L11<>"Y",G11="數值",N11=0),"⚠ 數值需設定欄位 ","")&IF(AND(L11<>"Y",G11="連結表單",K11=""),"⚠ 缺連結表號 ","")&IF(AND(K11<>"",COUNTIF(可連結表單!$J$2:$J$501,K11)=0),"⚠ 連結表號不存在（需為本分項的自主檢查表） ",""))))
M12: =IF(A12="","",IF(B12="","共用",IF(L12="Y","排除（"&B12&"）",IF(SUMPRODUCT(($A$2:$A$500=A12)*($C$2:$C$500=C12)*($B$2:$B$500=""))>0,"覆蓋共用（"&B12&"）","單元新增（"&B12&"）")))) | N12: =IF(A12="","",COUNTIFS(數值欄位!$A$2:$A$500,A12,數值欄位!$C$2:$C$500,C12)) | O12: =IF(A12="","",IF(TRIM(IF(COUNTIF(表單!$A$2:$A$500,A12)=0,"⚠ 表號不存在 ","")&IF(SUMPRODUCT(($A$2:$A$500=A12)*($B$2:$B$500=B12)*($C$2:$C$500=C12))>1,"⚠ 項次重複 ","")&IF(AND(B12<>"",COUNTIF(表單!$A$2:$A$500,A12)>0,NOT(ISNUMBER(SEARCH("、"&B12&"、","、"&IFERROR(INDEX(表單!$I$2:$I$500,MATCH(A12,表單!$A$2:$A$500,0)),"")&"、")))),"⚠ 單元不在適用單元內 ","")&IF(AND(L12="Y",B12=""),"⚠ 排除只能用在單元列 ","")&IF(AND(L12="Y",B12<>"",SUMPRODUCT(($A$2:$A$500=A12)*($C$2:$C$500=C12)*($B$2:$B$500=""))=0),"⚠ 排除需對應共用項次 ","")&IF(AND(L12<>"Y",OR(D12="",E12="",G12="")),"⚠ 必填未填 ","")&IF(AND(L12<>"Y",D12<>"",COUNTIF(表單!$A$2:$A$500,A12)>0,NOT(ISNUMBER(SEARCH("、"&D12&"、","、"&IFERROR(INDEX(表單!$J$2:$J$500,MATCH(A12,表單!$A$2:$A$500,0)),"")&"、")))),"⚠ 階段不在此表單的階段設定內 ","")&IF(AND(L12<>"Y",G12="數值",N12=0),"⚠ 數值需設定欄位 ","")&IF(AND(L12<>"Y",G12="連結表單",K12=""),"⚠ 缺連結表號 ","")&IF(AND(K12<>"",COUNTIF(可連結表單!$J$2:$J$501,K12)=0),"⚠ 連結表號不存在（需為本分項的自主檢查表） ",""))="","✓",TRIM(IF(COUNTIF(表單!$A$2:$A$500,A12)=0,"⚠ 表號不存在 ","")&IF(SUMPRODUCT(($A$2:$A$500=A12)*($B$2:$B$500=B12)*($C$2:$C$500=C12))>1,"⚠ 項次重複 ","")&IF(AND(B12<>"",COUNTIF(表單!$A$2:$A$500,A12)>0,NOT(ISNUMBER(SEARCH("、"&B12&"、","、"&IFERROR(INDEX(表單!$I$2:$I$500,MATCH(A12,表單!$A$2:$A$500,0)),"")&"、")))),"⚠ 單元不在適用單元內 ","")&IF(AND(L12="Y",B12=""),"⚠ 排除只能用在單元列 ","")&IF(AND(L12="Y",B12<>"",SUMPRODUCT(($A$2:$A$500=A12)*($C$2:$C$500=C12)*($B$2:$B$500=""))=0),"⚠ 排除需對應共用項次 ","")&IF(AND(L12<>"Y",OR(D12="",E12="",G12="")),"⚠ 必填未填 ","")&IF(AND(L12<>"Y",D12<>"",COUNTIF(表單!$A$2:$A$500,A12)>0,NOT(ISNUMBER(SEARCH("、"&D12&"、","、"&IFERROR(INDEX(表單!$J$2:$J$500,MATCH(A12,表單!$A$2:$A$500,0)),"")&"、")))),"⚠ 階段不在此表單的階段設定內 ","")&IF(AND(L12<>"Y",G12="數值",N12=0),"⚠ 數值需設定欄位 ","")&IF(AND(L12<>"Y",G12="連結表單",K12=""),"⚠ 缺連結表號 ","")&IF(AND(K12<>"",COUNTIF(可連結表單!$J$2:$J$501,K12)=0),"⚠ 連結表號不存在（需為本分項的自主檢查表） ",""))))
M13: =IF(A13="","",IF(B13="","共用",IF(L13="Y","排除（"&B13&"）",IF(SUMPRODUCT(($A$2:$A$500=A13)*($C$2:$C$500=C13)*($B$2:$B$500=""))>0,"覆蓋共用（"&B13&"）","單元新增（"&B13&"）")))) | N13: =IF(A13="","",COUNTIFS(數值欄位!$A$2:$A$500,A13,數值欄位!$C$2:$C$500,C13)) | O13: =IF(A13="","",IF(TRIM(IF(COUNTIF(表單!$A$2:$A$500,A13)=0,"⚠ 表號不存在 ","")&IF(SUMPRODUCT(($A$2:$A$500=A13)*($B$2:$B$500=B13)*($C$2:$C$500=C13))>1,"⚠ 項次重複 ","")&IF(AND(B13<>"",COUNTIF(表單!$A$2:$A$500,A13)>0,NOT(ISNUMBER(SEARCH("、"&B13&"、","、"&IFERROR(INDEX(表單!$I$2:$I$500,MATCH(A13,表單!$A$2:$A$500,0)),"")&"、")))),"⚠ 單元不在適用單元內 ","")&IF(AND(L13="Y",B13=""),"⚠ 排除只能用在單元列 ","")&IF(AND(L13="Y",B13<>"",SUMPRODUCT(($A$2:$A$500=A13)*($C$2:$C$500=C13)*($B$2:$B$500=""))=0),"⚠ 排除需對應共用項次 ","")&IF(AND(L13<>"Y",OR(D13="",E13="",G13="")),"⚠ 必填未填 ","")&IF(AND(L13<>"Y",D13<>"",COUNTIF(表單!$A$2:$A$500,A13)>0,NOT(ISNUMBER(SEARCH("、"&D13&"、","、"&IFERROR(INDEX(表單!$J$2:$J$500,MATCH(A13,表單!$A$2:$A$500,0)),"")&"、")))),"⚠ 階段不在此表單的階段設定內 ","")&IF(AND(L13<>"Y",G13="數值",N13=0),"⚠ 數值需設定欄位 ","")&IF(AND(L13<>"Y",G13="連結表單",K13=""),"⚠ 缺連結表號 ","")&IF(AND(K13<>"",COUNTIF(可連結表單!$J$2:$J$501,K13)=0),"⚠ 連結表號不存在（需為本分項的自主檢查表） ",""))="","✓",TRIM(IF(COUNTIF(表單!$A$2:$A$500,A13)=0,"⚠ 表號不存在 ","")&IF(SUMPRODUCT(($A$2:$A$500=A13)*($B$2:$B$500=B13)*($C$2:$C$500=C13))>1,"⚠ 項次重複 ","")&IF(AND(B13<>"",COUNTIF(表單!$A$2:$A$500,A13)>0,NOT(ISNUMBER(SEARCH("、"&B13&"、","、"&IFERROR(INDEX(表單!$I$2:$I$500,MATCH(A13,表單!$A$2:$A$500,0)),"")&"、")))),"⚠ 單元不在適用單元內 ","")&IF(AND(L13="Y",B13=""),"⚠ 排除只能用在單元列 ","")&IF(AND(L13="Y",B13<>"",SUMPRODUCT(($A$2:$A$500=A13)*($C$2:$C$500=C13)*($B$2:$B$500=""))=0),"⚠ 排除需對應共用項次 ","")&IF(AND(L13<>"Y",OR(D13="",E13="",G13="")),"⚠ 必填未填 ","")&IF(AND(L13<>"Y",D13<>"",COUNTIF(表單!$A$2:$A$500,A13)>0,NOT(ISNUMBER(SEARCH("、"&D13&"、","、"&IFERROR(INDEX(表單!$J$2:$J$500,MATCH(A13,表單!$A$2:$A$500,0)),"")&"、")))),"⚠ 階段不在此表單的階段設定內 ","")&IF(AND(L13<>"Y",G13="數值",N13=0),"⚠ 數值需設定欄位 ","")&IF(AND(L13<>"Y",G13="連結表單",K13=""),"⚠ 缺連結表號 ","")&IF(AND(K13<>"",COUNTIF(可連結表單!$J$2:$J$501,K13)=0),"⚠ 連結表號不存在（需為本分項的自主檢查表） ",""))))
... M300: =IF(A300="","",IF(B300="","共用",IF(L300="Y","排除（"&B300&"）",IF(SUMPRODUCT(($A$2:$A$500=A300)*($C$2:$C$500=C300)*($B$2:$B$500=""))>0,"覆蓋共用（"&B300&"）","單元新增（"&B300&"）")))) | N300: =IF(A300="","",COUNTIFS(數值欄位!$A$2:$A$500,A300,數值欄位!$C$2:$C$500,C300)) | O300: =IF(A300="","",IF(TRIM(IF(COUNTIF(表單!$A$2:$A$500,A300)=0,"⚠ 表號不存在 ","")&IF(SUMPRODUCT(($A$2:$A$500=A300)*($B$2:$B$500=B300)*($C$2:$C$500=C300))>1,"⚠ 項次重複 ","")&IF(AND(B300<>"",COUNTIF(表單!$A$2:$A$500,A300)>0,NOT(ISNUMBER(SEARCH("、"&B300&"、","、"&IFERROR(INDEX(表單!$I$2:$I$500,MATCH(A300,表單!$A$2:$A$500,0)),"")&"、")))),"⚠ 單元不在適用單元內 ","")&IF(AND(L300="Y",B300=""),"⚠ 排除只能用在單元列 ","")&IF(AND(L300="Y",B300<>"",SUMPRODUCT(($A$2:$A$500=A300)*($C$2:$C$500=C300)*($B$2:$B$500=""))=0),"⚠ 排除需對應共用項次 ","")&IF(AND(L300<>"Y",OR(D300="",E300="",G300="")),"⚠ 必填未填 ","")&IF(AND(L300<>"Y",D300<>"",COUNTIF(表單!$A$2:$A$500,A300)>0,NOT(ISNUMBER(SEARCH("、"&D300&"、","、"&IFERROR(INDEX(表單!$J$2:$J$500,MATCH(A300,表單!$A$2:$A$500,0)),"")&"、")))),"⚠ 階段不在此表單的階段設定內 ","")&IF(AND(L300<>"Y",G300="數值",N300=0),"⚠ 數值需設定欄位 ","")&IF(AND(L300<>"Y",G300="連結表單",K300=""),"⚠ 缺連結表號 ","")&IF(AND(K300<>"",COUNTIF(可連結表單!$J$2:$J$501,K300)=0),"⚠ 連結表號不存在（需為本分項的自主檢查表） ",""))="","✓",TRIM(IF(COUNTIF(表單!$A$2:$A$500,A300)=0,"⚠ 表號不存在 ","")&IF(SUMPRODUCT(($A$2:$A$500=A300)*($B$2:$B$500=B300)*($C$2:$C$500=C300))>1,"⚠ 項次重複 ","")&IF(AND(B300<>"",COUNTIF(表單!$A$2:$A$500,A300)>0,NOT(ISNUMBER(SEARCH("、"&B300&"、","、"&IFERROR(INDEX(表單!$I$2:$I$500,MATCH(A300,表單!$A$2:$A$500,0)),"")&"、")))),"⚠ 單元不在適用單元內 ","")&IF(AND(L300="Y",B300=""),"⚠ 排除只能用在單元列 ","")&IF(AND(L300="Y",B300<>"",SUMPRODUCT(($A$2:$A$500=A300)*($C$2:$C$500=C300)*($B$2:$B$500=""))=0),"⚠ 排除需對應共用項次 ","")&IF(AND(L300<>"Y",OR(D300="",E300="",G300="")),"⚠ 必填未填 ","")&IF(AND(L300<>"Y",D300<>"",COUNTIF(表單!$A$2:$A$500,A300)>0,NOT(ISNUMBER(SEARCH("、"&D300&"、","、"&IFERROR(INDEX(表單!$J$2:$J$500,MATCH(A300,表單!$A$2:$A$500,0)),"")&"、")))),"⚠ 階段不在此表單的階段設定內 ","")&IF(AND(L300<>"Y",G300="數值",N300=0),"⚠ 數值需設定欄位 ","")&IF(AND(L300<>"Y",G300="連結表單",K300=""),"⚠ 缺連結表號 ","")&IF(AND(K300<>"",COUNTIF(可連結表單!$J$2:$J$501,K300)=0),"⚠ 連結表號不存在（需為本分項的自主檢查表） ",""))))

Sheet 數值欄位
A1: 表號 * | B1: 單元編號 | C1: 項次 * | D1: 欄位名稱 * | E1: 單位 | F1: 下限 | G1: 上限 | H1: 排除 | I1: 檢查項目 | J1: 套用方式 | K1: 檢核條件 | L1: 檢查
I2: =IF(A2="","",IFERROR(INDEX(檢查項目!$E$2:$E$500,MATCH(1,INDEX((檢查項目!$A$2:$A$500=A2)*(檢查項目!$C$2:$C$500=C2)*(檢查項目!$B$2:$B$500=B2),0),0)),IFERROR(INDEX(檢查項目!$E$2:$E$500,MATCH(1,INDEX((檢查項目!$A$2:$A$500=A2)*(檢查項目!$C$2:$C$500=C2)*(檢查項目!$B$2:$B$500=""),0),0)),"⚠ 找不到項目"))) | J2: =IF(A2="","",IF(B2="","共用",IF(H2="Y","排除（"&B2&"）",IF(SUMPRODUCT(($A$2:$A$500=A2)*($C$2:$C$500=C2)*($D$2:$D$500=D2)*($B$2:$B$500=""))>0,"覆蓋共用（"&B2&"）","單元新增（"&B2&"）")))) | K2: =IF(A2="","",IF(H2="Y","—",IF(AND(F2<>"",G2<>""),F2&" ~ "&G2,IF(G2<>"","≤ "&G2,IF(F2<>"","≥ "&F2,"只記錄、不檢核"))))) | L2: =IF(A2="","",IF(TRIM(IF(SUMPRODUCT(($A$2:$A$500=A2)*($B$2:$B$500=B2)*($C$2:$C$500=C2)*($D$2:$D$500=D2))>1,"⚠ 欄位名稱重複 ","")&IF(AND(B2<>"",NOT(ISNUMBER(SEARCH("、"&B2&"、","、"&IFERROR(INDEX(表單!$I$2:$I$500,MATCH(A2,表單!$A$2:$A$500,0)),"")&"、")))),"⚠ 單元不在適用單元內 ","")&IF(AND(H2="Y",B2=""),"⚠ 排除只能用在單元列 ","")&IF(AND(H2="Y",B2<>"",SUMPRODUCT(($A$2:$A$500=A2)*($C$2:$C$500=C2)*($D$2:$D$500=D2)*($B$2:$B$500=""))=0),"⚠ 排除需對應共用欄位 ","")&IF(AND(ISNUMBER(F2),ISNUMBER(G2),F2>G2),"⚠ 下限大於上限 ","")&IF(SUMPRODUCT((檢查項目!$A$2:$A$500=A2)*(檢查項目!$C$2:$C$500=C2)*(檢查項目!$G$2:$G$500="數值"))=0,"⚠ 該項目不是數值類型 ",""))="","✓",TRIM(IF(SUMPRODUCT(($A$2:$A$500=A2)*($B$2:$B$500=B2)*($C$2:$C$500=C2)*($D$2:$D$500=D2))>1,"⚠ 欄位名稱重複 ","")&IF(AND(B2<>"",NOT(ISNUMBER(SEARCH("、"&B2&"、","、"&IFERROR(INDEX(表單!$I$2:$I$500,MATCH(A2,表單!$A$2:$A$500,0)),"")&"、")))),"⚠ 單元不在適用單元內 ","")&IF(AND(H2="Y",B2=""),"⚠ 排除只能用在單元列 ","")&IF(AND(H2="Y",B2<>"",SUMPRODUCT(($A$2:$A$500=A2)*($C$2:$C$500=C2)*($D$2:$D$500=D2)*($B$2:$B$500=""))=0),"⚠ 排除需對應共用欄位 ","")&IF(AND(ISNUMBER(F2),ISNUMBER(G2),F2>G2),"⚠ 下限大於上限 ","")&IF(SUMPRODUCT((檢查項目!$A$2:$A$500=A2)*(檢查項目!$C$2:$C$500=C2)*(檢查項目!$G$2:$G$500="數值"))=0,"⚠ 該項目不是數值類型 ",""))))
I3: =IF(A3="","",IFERROR(INDEX(檢查項目!$E$2:$E$500,MATCH(1,INDEX((檢查項目!$A$2:$A$500=A3)*(檢查項目!$C$2:$C$500=C3)*(檢查項目!$B$2:$B$500=B3),0),0)),IFERROR(INDEX(檢查項目!$E$2:$E$500,MATCH(1,INDEX((檢查項目!$A$2:$A$500=A3)*(檢查項目!$C$2:$C$500=C3)*(檢查項目!$B$2:$B$500=""),0),0)),"⚠ 找不到項目"))) | J3: =IF(A3="","",IF(B3="","共用",IF(H3="Y","排除（"&B3&"）",IF(SUMPRODUCT(($A$2:$A$500=A3)*($C$2:$C$500=C3)*($D$2:$D$500=D3)*($B$2:$B$500=""))>0,"覆蓋共用（"&B3&"）","單元新增（"&B3&"）")))) | K3: =IF(A3="","",IF(H3="Y","—",IF(AND(F3<>"",G3<>""),F3&" ~ "&G3,IF(G3<>"","≤ "&G3,IF(F3<>"","≥ "&F3,"只記錄、不檢核"))))) | L3: =IF(A3="","",IF(TRIM(IF(SUMPRODUCT(($A$2:$A$500=A3)*($B$2:$B$500=B3)*($C$2:$C$500=C3)*($D$2:$D$500=D3))>1,"⚠ 欄位名稱重複 ","")&IF(AND(B3<>"",NOT(ISNUMBER(SEARCH("、"&B3&"、","、"&IFERROR(INDEX(表單!$I$2:$I$500,MATCH(A3,表單!$A$2:$A$500,0)),"")&"、")))),"⚠ 單元不在適用單元內 ","")&IF(AND(H3="Y",B3=""),"⚠ 排除只能用在單元列 ","")&IF(AND(H3="Y",B3<>"",SUMPRODUCT(($A$2:$A$500=A3)*($C$2:$C$500=C3)*($D$2:$D$500=D3)*($B$2:$B$500=""))=0),"⚠ 排除需對應共用欄位 ","")&IF(AND(ISNUMBER(F3),ISNUMBER(G3),F3>G3),"⚠ 下限大於上限 ","")&IF(SUMPRODUCT((檢查項目!$A$2:$A$500=A3)*(檢查項目!$C$2:$C$500=C3)*(檢查項目!$G$2:$G$500="數值"))=0,"⚠ 該項目不是數值類型 ",""))="","✓",TRIM(IF(SUMPRODUCT(($A$2:$A$500=A3)*($B$2:$B$500=B3)*($C$2:$C$500=C3)*($D$2:$D$500=D3))>1,"⚠ 欄位名稱重複 ","")&IF(AND(B3<>"",NOT(ISNUMBER(SEARCH("、"&B3&"、","、"&IFERROR(INDEX(表單!$I$2:$I$500,MATCH(A3,表單!$A$2:$A$500,0)),"")&"、")))),"⚠ 單元不在適用單元內 ","")&IF(AND(H3="Y",B3=""),"⚠ 排除只能用在單元列 ","")&IF(AND(H3="Y",B3<>"",SUMPRODUCT(($A$2:$A$500=A3)*($C$2:$C$500=C3)*($D$2:$D$500=D3)*($B$2:$B$500=""))=0),"⚠ 排除需對應共用欄位 ","")&IF(AND(ISNUMBER(F3),ISNUMBER(G3),F3>G3),"⚠ 下限大於上限 ","")&IF(SUMPRODUCT((檢查項目!$A$2:$A$500=A3)*(檢查項目!$C$2:$C$500=C3)*(檢查項目!$G$2:$G$500="數值"))=0,"⚠ 該項目不是數值類型 ",""))))
I4: =IF(A4="","",IFERROR(INDEX(檢查項目!$E$2:$E$500,MATCH(1,INDEX((檢查項目!$A$2:$A$500=A4)*(檢查項目!$C$2:$C$500=C4)*(檢查項目!$B$2:$B$500=B4),0),0)),IFERROR(INDEX(檢查項目!$E$2:$E$500,MATCH(1,INDEX((檢查項目!$A$2:$A$500=A4)*(檢查項目!$C$2:$C$500=C4)*(檢查項目!$B$2:$B$500=""),0),0)),"⚠ 找不到項目"))) | J4: =IF(A4="","",IF(B4="","共用",IF(H4="Y","排除（"&B4&"）",IF(SUMPRODUCT(($A$2:$A$500=A4)*($C$2:$C$500=C4)*($D$2:$D$500=D4)*($B$2:$B$500=""))>0,"覆蓋共用（"&B4&"）","單元新增（"&B4&"）")))) | K4: =IF(A4="","",IF(H4="Y","—",IF(AND(F4<>"",G4<>""),F4&" ~ "&G4,IF(G4<>"","≤ "&G4,IF(F4<>"","≥ "&F4,"只記錄、不檢核"))))) | L4: =IF(A4="","",IF(TRIM(IF(SUMPRODUCT(($A$2:$A$500=A4)*($B$2:$B$500=B4)*($C$2:$C$500=C4)*($D$2:$D$500=D4))>1,"⚠ 欄位名稱重複 ","")&IF(AND(B4<>"",NOT(ISNUMBER(SEARCH("、"&B4&"、","、"&IFERROR(INDEX(表單!$I$2:$I$500,MATCH(A4,表單!$A$2:$A$500,0)),"")&"、")))),"⚠ 單元不在適用單元內 ","")&IF(AND(H4="Y",B4=""),"⚠ 排除只能用在單元列 ","")&IF(AND(H4="Y",B4<>"",SUMPRODUCT(($A$2:$A$500=A4)*($C$2:$C$500=C4)*($D$2:$D$500=D4)*($B$2:$B$500=""))=0),"⚠ 排除需對應共用欄位 ","")&IF(AND(ISNUMBER(F4),ISNUMBER(G4),F4>G4),"⚠ 下限大於上限 ","")&IF(SUMPRODUCT((檢查項目!$A$2:$A$500=A4)*(檢查項目!$C$2:$C$500=C4)*(檢查項目!$G$2:$G$500="數值"))=0,"⚠ 該項目不是數值類型 ",""))="","✓",TRIM(IF(SUMPRODUCT(($A$2:$A$500=A4)*($B$2:$B$500=B4)*($C$2:$C$500=C4)*($D$2:$D$500=D4))>1,"⚠ 欄位名稱重複 ","")&IF(AND(B4<>"",NOT(ISNUMBER(SEARCH("、"&B4&"、","、"&IFERROR(INDEX(表單!$I$2:$I$500,MATCH(A4,表單!$A$2:$A$500,0)),"")&"、")))),"⚠ 單元不在適用單元內 ","")&IF(AND(H4="Y",B4=""),"⚠ 排除只能用在單元列 ","")&IF(AND(H4="Y",B4<>"",SUMPRODUCT(($A$2:$A$500=A4)*($C$2:$C$500=C4)*($D$2:$D$500=D4)*($B$2:$B$500=""))=0),"⚠ 排除需對應共用欄位 ","")&IF(AND(ISNUMBER(F4),ISNUMBER(G4),F4>G4),"⚠ 下限大於上限 ","")&IF(SUMPRODUCT((檢查項目!$A$2:$A$500=A4)*(檢查項目!$C$2:$C$500=C4)*(檢查項目!$G$2:$G$500="數值"))=0,"⚠ 該項目不是數值類型 ",""))))
I5: =IF(A5="","",IFERROR(INDEX(檢查項目!$E$2:$E$500,MATCH(1,INDEX((檢查項目!$A$2:$A$500=A5)*(檢查項目!$C$2:$C$500=C5)*(檢查項目!$B$2:$B$500=B5),0),0)),IFERROR(INDEX(檢查項目!$E$2:$E$500,MATCH(1,INDEX((檢查項目!$A$2:$A$500=A5)*(檢查項目!$C$2:$C$500=C5)*(檢查項目!$B$2:$B$500=""),0),0)),"⚠ 找不到項目"))) | J5: =IF(A5="","",IF(B5="","共用",IF(H5="Y","排除（"&B5&"）",IF(SUMPRODUCT(($A$2:$A$500=A5)*($C$2:$C$500=C5)*($D$2:$D$500=D5)*($B$2:$B$500=""))>0,"覆蓋共用（"&B5&"）","單元新增（"&B5&"）")))) | K5: =IF(A5="","",IF(H5="Y","—",IF(AND(F5<>"",G5<>""),F5&" ~ "&G5,IF(G5<>"","≤ "&G5,IF(F5<>"","≥ "&F5,"只記錄、不檢核"))))) | L5: =IF(A5="","",IF(TRIM(IF(SUMPRODUCT(($A$2:$A$500=A5)*($B$2:$B$500=B5)*($C$2:$C$500=C5)*($D$2:$D$500=D5))>1,"⚠ 欄位名稱重複 ","")&IF(AND(B5<>"",NOT(ISNUMBER(SEARCH("、"&B5&"、","、"&IFERROR(INDEX(表單!$I$2:$I$500,MATCH(A5,表單!$A$2:$A$500,0)),"")&"、")))),"⚠ 單元不在適用單元內 ","")&IF(AND(H5="Y",B5=""),"⚠ 排除只能用在單元列 ","")&IF(AND(H5="Y",B5<>"",SUMPRODUCT(($A$2:$A$500=A5)*($C$2:$C$500=C5)*($D$2:$D$500=D5)*($B$2:$B$500=""))=0),"⚠ 排除需對應共用欄位 ","")&IF(AND(ISNUMBER(F5),ISNUMBER(G5),F5>G5),"⚠ 下限大於上限 ","")&IF(SUMPRODUCT((檢查項目!$A$2:$A$500=A5)*(檢查項目!$C$2:$C$500=C5)*(檢查項目!$G$2:$G$500="數值"))=0,"⚠ 該項目不是數值類型 ",""))="","✓",TRIM(IF(SUMPRODUCT(($A$2:$A$500=A5)*($B$2:$B$500=B5)*($C$2:$C$500=C5)*($D$2:$D$500=D5))>1,"⚠ 欄位名稱重複 ","")&IF(AND(B5<>"",NOT(ISNUMBER(SEARCH("、"&B5&"、","、"&IFERROR(INDEX(表單!$I$2:$I$500,MATCH(A5,表單!$A$2:$A$500,0)),"")&"、")))),"⚠ 單元不在適用單元內 ","")&IF(AND(H5="Y",B5=""),"⚠ 排除只能用在單元列 ","")&IF(AND(H5="Y",B5<>"",SUMPRODUCT(($A$2:$A$500=A5)*($C$2:$C$500=C5)*($D$2:$D$500=D5)*($B$2:$B$500=""))=0),"⚠ 排除需對應共用欄位 ","")&IF(AND(ISNUMBER(F5),ISNUMBER(G5),F5>G5),"⚠ 下限大於上限 ","")&IF(SUMPRODUCT((檢查項目!$A$2:$A$500=A5)*(檢查項目!$C$2:$C$500=C5)*(檢查項目!$G$2:$G$500="數值"))=0,"⚠ 該項目不是數值類型 ",""))))
I6: =IF(A6="","",IFERROR(INDEX(檢查項目!$E$2:$E$500,MATCH(1,INDEX((檢查項目!$A$2:$A$500=A6)*(檢查項目!$C$2:$C$500=C6)*(檢查項目!$B$2:$B$500=B6),0),0)),IFERROR(INDEX(檢查項目!$E$2:$E$500,MATCH(1,INDEX((檢查項目!$A$2:$A$500=A6)*(檢查項目!$C$2:$C$500=C6)*(檢查項目!$B$2:$B$500=""),0),0)),"⚠ 找不到項目"))) | J6: =IF(A6="","",IF(B6="","共用",IF(H6="Y","排除（"&B6&"）",IF(SUMPRODUCT(($A$2:$A$500=A6)*($C$2:$C$500=C6)*($D$2:$D$500=D6)*($B$2:$B$500=""))>0,"覆蓋共用（"&B6&"）","單元新增（"&B6&"）")))) | K6: =IF(A6="","",IF(H6="Y","—",IF(AND(F6<>"",G6<>""),F6&" ~ "&G6,IF(G6<>"","≤ "&G6,IF(F6<>"","≥ "&F6,"只記錄、不檢核"))))) | L6: =IF(A6="","",IF(TRIM(IF(SUMPRODUCT(($A$2:$A$500=A6)*($B$2:$B$500=B6)*($C$2:$C$500=C6)*($D$2:$D$500=D6))>1,"⚠ 欄位名稱重複 ","")&IF(AND(B6<>"",NOT(ISNUMBER(SEARCH("、"&B6&"、","、"&IFERROR(INDEX(表單!$I$2:$I$500,MATCH(A6,表單!$A$2:$A$500,0)),"")&"、")))),"⚠ 單元不在適用單元內 ","")&IF(AND(H6="Y",B6=""),"⚠ 排除只能用在單元列 ","")&IF(AND(H6="Y",B6<>"",SUMPRODUCT(($A$2:$A$500=A6)*($C$2:$C$500=C6)*($D$2:$D$500=D6)*($B$2:$B$500=""))=0),"⚠ 排除需對應共用欄位 ","")&IF(AND(ISNUMBER(F6),ISNUMBER(G6),F6>G6),"⚠ 下限大於上限 ","")&IF(SUMPRODUCT((檢查項目!$A$2:$A$500=A6)*(檢查項目!$C$2:$C$500=C6)*(檢查項目!$G$2:$G$500="數值"))=0,"⚠ 該項目不是數值類型 ",""))="","✓",TRIM(IF(SUMPRODUCT(($A$2:$A$500=A6)*($B$2:$B$500=B6)*($C$2:$C$500=C6)*($D$2:$D$500=D6))>1,"⚠ 欄位名稱重複 ","")&IF(AND(B6<>"",NOT(ISNUMBER(SEARCH("、"&B6&"、","、"&IFERROR(INDEX(表單!$I$2:$I$500,MATCH(A6,表單!$A$2:$A$500,0)),"")&"、")))),"⚠ 單元不在適用單元內 ","")&IF(AND(H6="Y",B6=""),"⚠ 排除只能用在單元列 ","")&IF(AND(H6="Y",B6<>"",SUMPRODUCT(($A$2:$A$500=A6)*($C$2:$C$500=C6)*($D$2:$D$500=D6)*($B$2:$B$500=""))=0),"⚠ 排除需對應共用欄位 ","")&IF(AND(ISNUMBER(F6),ISNUMBER(G6),F6>G6),"⚠ 下限大於上限 ","")&IF(SUMPRODUCT((檢查項目!$A$2:$A$500=A6)*(檢查項目!$C$2:$C$500=C6)*(檢查項目!$G$2:$G$500="數值"))=0,"⚠ 該項目不是數值類型 ",""))))
I7: =IF(A7="","",IFERROR(INDEX(檢查項目!$E$2:$E$500,MATCH(1,INDEX((檢查項目!$A$2:$A$500=A7)*(檢查項目!$C$2:$C$500=C7)*(檢查項目!$B$2:$B$500=B7),0),0)),IFERROR(INDEX(檢查項目!$E$2:$E$500,MATCH(1,INDEX((檢查項目!$A$2:$A$500=A7)*(檢查項目!$C$2:$C$500=C7)*(檢查項目!$B$2:$B$500=""),0),0)),"⚠ 找不到項目"))) | J7: =IF(A7="","",IF(B7="","共用",IF(H7="Y","排除（"&B7&"）",IF(SUMPRODUCT(($A$2:$A$500=A7)*($C$2:$C$500=C7)*($D$2:$D$500=D7)*($B$2:$B$500=""))>0,"覆蓋共用（"&B7&"）","單元新增（"&B7&"）")))) | K7: =IF(A7="","",IF(H7="Y","—",IF(AND(F7<>"",G7<>""),F7&" ~ "&G7,IF(G7<>"","≤ "&G7,IF(F7<>"","≥ "&F7,"只記錄、不檢核"))))) | L7: =IF(A7="","",IF(TRIM(IF(SUMPRODUCT(($A$2:$A$500=A7)*($B$2:$B$500=B7)*($C$2:$C$500=C7)*($D$2:$D$500=D7))>1,"⚠ 欄位名稱重複 ","")&IF(AND(B7<>"",NOT(ISNUMBER(SEARCH("、"&B7&"、","、"&IFERROR(INDEX(表單!$I$2:$I$500,MATCH(A7,表單!$A$2:$A$500,0)),"")&"、")))),"⚠ 單元不在適用單元內 ","")&IF(AND(H7="Y",B7=""),"⚠ 排除只能用在單元列 ","")&IF(AND(H7="Y",B7<>"",SUMPRODUCT(($A$2:$A$500=A7)*($C$2:$C$500=C7)*($D$2:$D$500=D7)*($B$2:$B$500=""))=0),"⚠ 排除需對應共用欄位 ","")&IF(AND(ISNUMBER(F7),ISNUMBER(G7),F7>G7),"⚠ 下限大於上限 ","")&IF(SUMPRODUCT((檢查項目!$A$2:$A$500=A7)*(檢查項目!$C$2:$C$500=C7)*(檢查項目!$G$2:$G$500="數值"))=0,"⚠ 該項目不是數值類型 ",""))="","✓",TRIM(IF(SUMPRODUCT(($A$2:$A$500=A7)*($B$2:$B$500=B7)*($C$2:$C$500=C7)*($D$2:$D$500=D7))>1,"⚠ 欄位名稱重複 ","")&IF(AND(B7<>"",NOT(ISNUMBER(SEARCH("、"&B7&"、","、"&IFERROR(INDEX(表單!$I$2:$I$500,MATCH(A7,表單!$A$2:$A$500,0)),"")&"、")))),"⚠ 單元不在適用單元內 ","")&IF(AND(H7="Y",B7=""),"⚠ 排除只能用在單元列 ","")&IF(AND(H7="Y",B7<>"",SUMPRODUCT(($A$2:$A$500=A7)*($C$2:$C$500=C7)*($D$2:$D$500=D7)*($B$2:$B$500=""))=0),"⚠ 排除需對應共用欄位 ","")&IF(AND(ISNUMBER(F7),ISNUMBER(G7),F7>G7),"⚠ 下限大於上限 ","")&IF(SUMPRODUCT((檢查項目!$A$2:$A$500=A7)*(檢查項目!$C$2:$C$500=C7)*(檢查項目!$G$2:$G$500="數值"))=0,"⚠ 該項目不是數值類型 ",""))))
I8: =IF(A8="","",IFERROR(INDEX(檢查項目!$E$2:$E$500,MATCH(1,INDEX((檢查項目!$A$2:$A$500=A8)*(檢查項目!$C$2:$C$500=C8)*(檢查項目!$B$2:$B$500=B8),0),0)),IFERROR(INDEX(檢查項目!$E$2:$E$500,MATCH(1,INDEX((檢查項目!$A$2:$A$500=A8)*(檢查項目!$C$2:$C$500=C8)*(檢查項目!$B$2:$B$500=""),0),0)),"⚠ 找不到項目"))) | J8: =IF(A8="","",IF(B8="","共用",IF(H8="Y","排除（"&B8&"）",IF(SUMPRODUCT(($A$2:$A$500=A8)*($C$2:$C$500=C8)*($D$2:$D$500=D8)*($B$2:$B$500=""))>0,"覆蓋共用（"&B8&"）","單元新增（"&B8&"）")))) | K8: =IF(A8="","",IF(H8="Y","—",IF(AND(F8<>"",G8<>""),F8&" ~ "&G8,IF(G8<>"","≤ "&G8,IF(F8<>"","≥ "&F8,"只記錄、不檢核"))))) | L8: =IF(A8="","",IF(TRIM(IF(SUMPRODUCT(($A$2:$A$500=A8)*($B$2:$B$500=B8)*($C$2:$C$500=C8)*($D$2:$D$500=D8))>1,"⚠ 欄位名稱重複 ","")&IF(AND(B8<>"",NOT(ISNUMBER(SEARCH("、"&B8&"、","、"&IFERROR(INDEX(表單!$I$2:$I$500,MATCH(A8,表單!$A$2:$A$500,0)),"")&"、")))),"⚠ 單元不在適用單元內 ","")&IF(AND(H8="Y",B8=""),"⚠ 排除只能用在單元列 ","")&IF(AND(H8="Y",B8<>"",SUMPRODUCT(($A$2:$A$500=A8)*($C$2:$C$500=C8)*($D$2:$D$500=D8)*($B$2:$B$500=""))=0),"⚠ 排除需對應共用欄位 ","")&IF(AND(ISNUMBER(F8),ISNUMBER(G8),F8>G8),"⚠ 下限大於上限 ","")&IF(SUMPRODUCT((檢查項目!$A$2:$A$500=A8)*(檢查項目!$C$2:$C$500=C8)*(檢查項目!$G$2:$G$500="數值"))=0,"⚠ 該項目不是數值類型 ",""))="","✓",TRIM(IF(SUMPRODUCT(($A$2:$A$500=A8)*($B$2:$B$500=B8)*($C$2:$C$500=C8)*($D$2:$D$500=D8))>1,"⚠ 欄位名稱重複 ","")&IF(AND(B8<>"",NOT(ISNUMBER(SEARCH("、"&B8&"、","、"&IFERROR(INDEX(表單!$I$2:$I$500,MATCH(A8,表單!$A$2:$A$500,0)),"")&"、")))),"⚠ 單元不在適用單元內 ","")&IF(AND(H8="Y",B8=""),"⚠ 排除只能用在單元列 ","")&IF(AND(H8="Y",B8<>"",SUMPRODUCT(($A$2:$A$500=A8)*($C$2:$C$500=C8)*($D$2:$D$500=D8)*($B$2:$B$500=""))=0),"⚠ 排除需對應共用欄位 ","")&IF(AND(ISNUMBER(F8),ISNUMBER(G8),F8>G8),"⚠ 下限大於上限 ","")&IF(SUMPRODUCT((檢查項目!$A$2:$A$500=A8)*(檢查項目!$C$2:$C$500=C8)*(檢查項目!$G$2:$G$500="數值"))=0,"⚠ 該項目不是數值類型 ",""))))
I9: =IF(A9="","",IFERROR(INDEX(檢查項目!$E$2:$E$500,MATCH(1,INDEX((檢查項目!$A$2:$A$500=A9)*(檢查項目!$C$2:$C$500=C9)*(檢查項目!$B$2:$B$500=B9),0),0)),IFERROR(INDEX(檢查項目!$E$2:$E$500,MATCH(1,INDEX((檢查項目!$A$2:$A$500=A9)*(檢查項目!$C$2:$C$500=C9)*(檢查項目!$B$2:$B$500=""),0),0)),"⚠ 找不到項目"))) | J9: =IF(A9="","",IF(B9="","共用",IF(H9="Y","排除（"&B9&"）",IF(SUMPRODUCT(($A$2:$A$500=A9)*($C$2:$C$500=C9)*($D$2:$D$500=D9)*($B$2:$B$500=""))>0,"覆蓋共用（"&B9&"）","單元新增（"&B9&"）")))) | K9: =IF(A9="","",IF(H9="Y","—",IF(AND(F9<>"",G9<>""),F9&" ~ "&G9,IF(G9<>"","≤ "&G9,IF(F9<>"","≥ "&F9,"只記錄、不檢核"))))) | L9: =IF(A9="","",IF(TRIM(IF(SUMPRODUCT(($A$2:$A$500=A9)*($B$2:$B$500=B9)*($C$2:$C$500=C9)*($D$2:$D$500=D9))>1,"⚠ 欄位名稱重複 ","")&IF(AND(B9<>"",NOT(ISNUMBER(SEARCH("、"&B9&"、","、"&IFERROR(INDEX(表單!$I$2:$I$500,MATCH(A9,表單!$A$2:$A$500,0)),"")&"、")))),"⚠ 單元不在適用單元內 ","")&IF(AND(H9="Y",B9=""),"⚠ 排除只能用在單元列 ","")&IF(AND(H9="Y",B9<>"",SUMPRODUCT(($A$2:$A$500=A9)*($C$2:$C$500=C9)*($D$2:$D$500=D9)*($B$2:$B$500=""))=0),"⚠ 排除需對應共用欄位 ","")&IF(AND(ISNUMBER(F9),ISNUMBER(G9),F9>G9),"⚠ 下限大於上限 ","")&IF(SUMPRODUCT((檢查項目!$A$2:$A$500=A9)*(檢查項目!$C$2:$C$500=C9)*(檢查項目!$G$2:$G$500="數值"))=0,"⚠ 該項目不是數值類型 ",""))="","✓",TRIM(IF(SUMPRODUCT(($A$2:$A$500=A9)*($B$2:$B$500=B9)*($C$2:$C$500=C9)*($D$2:$D$500=D9))>1,"⚠ 欄位名稱重複 ","")&IF(AND(B9<>"",NOT(ISNUMBER(SEARCH("、"&B9&"、","、"&IFERROR(INDEX(表單!$I$2:$I$500,MATCH(A9,表單!$A$2:$A$500,0)),"")&"、")))),"⚠ 單元不在適用單元內 ","")&IF(AND(H9="Y",B9=""),"⚠ 排除只能用在單元列 ","")&IF(AND(H9="Y",B9<>"",SUMPRODUCT(($A$2:$A$500=A9)*($C$2:$C$500=C9)*($D$2:$D$500=D9)*($B$2:$B$500=""))=0),"⚠ 排除需對應共用欄位 ","")&IF(AND(ISNUMBER(F9),ISNUMBER(G9),F9>G9),"⚠ 下限大於上限 ","")&IF(SUMPRODUCT((檢查項目!$A$2:$A$500=A9)*(檢查項目!$C$2:$C$500=C9)*(檢查項目!$G$2:$G$500="數值"))=0,"⚠ 該項目不是數值類型 ",""))))
I10: =IF(A10="","",IFERROR(INDEX(檢查項目!$E$2:$E$500,MATCH(1,INDEX((檢查項目!$A$2:$A$500=A10)*(檢查項目!$C$2:$C$500=C10)*(檢查項目!$B$2:$B$500=B10),0),0)),IFERROR(INDEX(檢查項目!$E$2:$E$500,MATCH(1,INDEX((檢查項目!$A$2:$A$500=A10)*(檢查項目!$C$2:$C$500=C10)*(檢查項目!$B$2:$B$500=""),0),0)),"⚠ 找不到項目"))) | J10: =IF(A10="","",IF(B10="","共用",IF(H10="Y","排除（"&B10&"）",IF(SUMPRODUCT(($A$2:$A$500=A10)*($C$2:$C$500=C10)*($D$2:$D$500=D10)*($B$2:$B$500=""))>0,"覆蓋共用（"&B10&"）","單元新增（"&B10&"）")))) | K10: =IF(A10="","",IF(H10="Y","—",IF(AND(F10<>"",G10<>""),F10&" ~ "&G10,IF(G10<>"","≤ "&G10,IF(F10<>"","≥ "&F10,"只記錄、不檢核"))))) | L10: =IF(A10="","",IF(TRIM(IF(SUMPRODUCT(($A$2:$A$500=A10)*($B$2:$B$500=B10)*($C$2:$C$500=C10)*($D$2:$D$500=D10))>1,"⚠ 欄位名稱重複 ","")&IF(AND(B10<>"",NOT(ISNUMBER(SEARCH("、"&B10&"、","、"&IFERROR(INDEX(表單!$I$2:$I$500,MATCH(A10,表單!$A$2:$A$500,0)),"")&"、")))),"⚠ 單元不在適用單元內 ","")&IF(AND(H10="Y",B10=""),"⚠ 排除只能用在單元列 ","")&IF(AND(H10="Y",B10<>"",SUMPRODUCT(($A$2:$A$500=A10)*($C$2:$C$500=C10)*($D$2:$D$500=D10)*($B$2:$B$500=""))=0),"⚠ 排除需對應共用欄位 ","")&IF(AND(ISNUMBER(F10),ISNUMBER(G10),F10>G10),"⚠ 下限大於上限 ","")&IF(SUMPRODUCT((檢查項目!$A$2:$A$500=A10)*(檢查項目!$C$2:$C$500=C10)*(檢查項目!$G$2:$G$500="數值"))=0,"⚠ 該項目不是數值類型 ",""))="","✓",TRIM(IF(SUMPRODUCT(($A$2:$A$500=A10)*($B$2:$B$500=B10)*($C$2:$C$500=C10)*($D$2:$D$500=D10))>1,"⚠ 欄位名稱重複 ","")&IF(AND(B10<>"",NOT(ISNUMBER(SEARCH("、"&B10&"、","、"&IFERROR(INDEX(表單!$I$2:$I$500,MATCH(A10,表單!$A$2:$A$500,0)),"")&"、")))),"⚠ 單元不在適用單元內 ","")&IF(AND(H10="Y",B10=""),"⚠ 排除只能用在單元列 ","")&IF(AND(H10="Y",B10<>"",SUMPRODUCT(($A$2:$A$500=A10)*($C$2:$C$500=C10)*($D$2:$D$500=D10)*($B$2:$B$500=""))=0),"⚠ 排除需對應共用欄位 ","")&IF(AND(ISNUMBER(F10),ISNUMBER(G10),F10>G10),"⚠ 下限大於上限 ","")&IF(SUMPRODUCT((檢查項目!$A$2:$A$500=A10)*(檢查項目!$C$2:$C$500=C10)*(檢查項目!$G$2:$G$500="數值"))=0,"⚠ 該項目不是數值類型 ",""))))
I11: =IF(A11="","",IFERROR(INDEX(檢查項目!$E$2:$E$500,MATCH(1,INDEX((檢查項目!$A$2:$A$500=A11)*(檢查項目!$C$2:$C$500=C11)*(檢查項目!$B$2:$B$500=B11),0),0)),IFERROR(INDEX(檢查項目!$E$2:$E$500,MATCH(1,INDEX((檢查項目!$A$2:$A$500=A11)*(檢查項目!$C$2:$C$500=C11)*(檢查項目!$B$2:$B$500=""),0),0)),"⚠ 找不到項目"))) | J11: =IF(A11="","",IF(B11="","共用",IF(H11="Y","排除（"&B11&"）",IF(SUMPRODUCT(($A$2:$A$500=A11)*($C$2:$C$500=C11)*($D$2:$D$500=D11)*($B$2:$B$500=""))>0,"覆蓋共用（"&B11&"）","單元新增（"&B11&"）")))) | K11: =IF(A11="","",IF(H11="Y","—",IF(AND(F11<>"",G11<>""),F11&" ~ "&G11,IF(G11<>"","≤ "&G11,IF(F11<>"","≥ "&F11,"只記錄、不檢核"))))) | L11: =IF(A11="","",IF(TRIM(IF(SUMPRODUCT(($A$2:$A$500=A11)*($B$2:$B$500=B11)*($C$2:$C$500=C11)*($D$2:$D$500=D11))>1,"⚠ 欄位名稱重複 ","")&IF(AND(B11<>"",NOT(ISNUMBER(SEARCH("、"&B11&"、","、"&IFERROR(INDEX(表單!$I$2:$I$500,MATCH(A11,表單!$A$2:$A$500,0)),"")&"、")))),"⚠ 單元不在適用單元內 ","")&IF(AND(H11="Y",B11=""),"⚠ 排除只能用在單元列 ","")&IF(AND(H11="Y",B11<>"",SUMPRODUCT(($A$2:$A$500=A11)*($C$2:$C$500=C11)*($D$2:$D$500=D11)*($B$2:$B$500=""))=0),"⚠ 排除需對應共用欄位 ","")&IF(AND(ISNUMBER(F11),ISNUMBER(G11),F11>G11),"⚠ 下限大於上限 ","")&IF(SUMPRODUCT((檢查項目!$A$2:$A$500=A11)*(檢查項目!$C$2:$C$500=C11)*(檢查項目!$G$2:$G$500="數值"))=0,"⚠ 該項目不是數值類型 ",""))="","✓",TRIM(IF(SUMPRODUCT(($A$2:$A$500=A11)*($B$2:$B$500=B11)*($C$2:$C$500=C11)*($D$2:$D$500=D11))>1,"⚠ 欄位名稱重複 ","")&IF(AND(B11<>"",NOT(ISNUMBER(SEARCH("、"&B11&"、","、"&IFERROR(INDEX(表單!$I$2:$I$500,MATCH(A11,表單!$A$2:$A$500,0)),"")&"、")))),"⚠ 單元不在適用單元內 ","")&IF(AND(H11="Y",B11=""),"⚠ 排除只能用在單元列 ","")&IF(AND(H11="Y",B11<>"",SUMPRODUCT(($A$2:$A$500=A11)*($C$2:$C$500=C11)*($D$2:$D$500=D11)*($B$2:$B$500=""))=0),"⚠ 排除需對應共用欄位 ","")&IF(AND(ISNUMBER(F11),ISNUMBER(G11),F11>G11),"⚠ 下限大於上限 ","")&IF(SUMPRODUCT((檢查項目!$A$2:$A$500=A11)*(檢查項目!$C$2:$C$500=C11)*(檢查項目!$G$2:$G$500="數值"))=0,"⚠ 該項目不是數值類型 ",""))))
I12: =IF(A12="","",IFERROR(INDEX(檢查項目!$E$2:$E$500,MATCH(1,INDEX((檢查項目!$A$2:$A$500=A12)*(檢查項目!$C$2:$C$500=C12)*(檢查項目!$B$2:$B$500=B12),0),0)),IFERROR(INDEX(檢查項目!$E$2:$E$500,MATCH(1,INDEX((檢查項目!$A$2:$A$500=A12)*(檢查項目!$C$2:$C$500=C12)*(檢查項目!$B$2:$B$500=""),0),0)),"⚠ 找不到項目"))) | J12: =IF(A12="","",IF(B12="","共用",IF(H12="Y","排除（"&B12&"）",IF(SUMPRODUCT(($A$2:$A$500=A12)*($C$2:$C$500=C12)*($D$2:$D$500=D12)*($B$2:$B$500=""))>0,"覆蓋共用（"&B12&"）","單元新增（"&B12&"）")))) | K12: =IF(A12="","",IF(H12="Y","—",IF(AND(F12<>"",G12<>""),F12&" ~ "&G12,IF(G12<>"","≤ "&G12,IF(F12<>"","≥ "&F12,"只記錄、不檢核"))))) | L12: =IF(A12="","",IF(TRIM(IF(SUMPRODUCT(($A$2:$A$500=A12)*($B$2:$B$500=B12)*($C$2:$C$500=C12)*($D$2:$D$500=D12))>1,"⚠ 欄位名稱重複 ","")&IF(AND(B12<>"",NOT(ISNUMBER(SEARCH("、"&B12&"、","、"&IFERROR(INDEX(表單!$I$2:$I$500,MATCH(A12,表單!$A$2:$A$500,0)),"")&"、")))),"⚠ 單元不在適用單元內 ","")&IF(AND(H12="Y",B12=""),"⚠ 排除只能用在單元列 ","")&IF(AND(H12="Y",B12<>"",SUMPRODUCT(($A$2:$A$500=A12)*($C$2:$C$500=C12)*($D$2:$D$500=D12)*($B$2:$B$500=""))=0),"⚠ 排除需對應共用欄位 ","")&IF(AND(ISNUMBER(F12),ISNUMBER(G12),F12>G12),"⚠ 下限大於上限 ","")&IF(SUMPRODUCT((檢查項目!$A$2:$A$500=A12)*(檢查項目!$C$2:$C$500=C12)*(檢查項目!$G$2:$G$500="數值"))=0,"⚠ 該項目不是數值類型 ",""))="","✓",TRIM(IF(SUMPRODUCT(($A$2:$A$500=A12)*($B$2:$B$500=B12)*($C$2:$C$500=C12)*($D$2:$D$500=D12))>1,"⚠ 欄位名稱重複 ","")&IF(AND(B12<>"",NOT(ISNUMBER(SEARCH("、"&B12&"、","、"&IFERROR(INDEX(表單!$I$2:$I$500,MATCH(A12,表單!$A$2:$A$500,0)),"")&"、")))),"⚠ 單元不在適用單元內 ","")&IF(AND(H12="Y",B12=""),"⚠ 排除只能用在單元列 ","")&IF(AND(H12="Y",B12<>"",SUMPRODUCT(($A$2:$A$500=A12)*($C$2:$C$500=C12)*($D$2:$D$500=D12)*($B$2:$B$500=""))=0),"⚠ 排除需對應共用欄位 ","")&IF(AND(ISNUMBER(F12),ISNUMBER(G12),F12>G12),"⚠ 下限大於上限 ","")&IF(SUMPRODUCT((檢查項目!$A$2:$A$500=A12)*(檢查項目!$C$2:$C$500=C12)*(檢查項目!$G$2:$G$500="數值"))=0,"⚠ 該項目不是數值類型 ",""))))
I13: =IF(A13="","",IFERROR(INDEX(檢查項目!$E$2:$E$500,MATCH(1,INDEX((檢查項目!$A$2:$A$500=A13)*(檢查項目!$C$2:$C$500=C13)*(檢查項目!$B$2:$B$500=B13),0),0)),IFERROR(INDEX(檢查項目!$E$2:$E$500,MATCH(1,INDEX((檢查項目!$A$2:$A$500=A13)*(檢查項目!$C$2:$C$500=C13)*(檢查項目!$B$2:$B$500=""),0),0)),"⚠ 找不到項目"))) | J13: =IF(A13="","",IF(B13="","共用",IF(H13="Y","排除（"&B13&"）",IF(SUMPRODUCT(($A$2:$A$500=A13)*($C$2:$C$500=C13)*($D$2:$D$500=D13)*($B$2:$B$500=""))>0,"覆蓋共用（"&B13&"）","單元新增（"&B13&"）")))) | K13: =IF(A13="","",IF(H13="Y","—",IF(AND(F13<>"",G13<>""),F13&" ~ "&G13,IF(G13<>"","≤ "&G13,IF(F13<>"","≥ "&F13,"只記錄、不檢核"))))) | L13: =IF(A13="","",IF(TRIM(IF(SUMPRODUCT(($A$2:$A$500=A13)*($B$2:$B$500=B13)*($C$2:$C$500=C13)*($D$2:$D$500=D13))>1,"⚠ 欄位名稱重複 ","")&IF(AND(B13<>"",NOT(ISNUMBER(SEARCH("、"&B13&"、","、"&IFERROR(INDEX(表單!$I$2:$I$500,MATCH(A13,表單!$A$2:$A$500,0)),"")&"、")))),"⚠ 單元不在適用單元內 ","")&IF(AND(H13="Y",B13=""),"⚠ 排除只能用在單元列 ","")&IF(AND(H13="Y",B13<>"",SUMPRODUCT(($A$2:$A$500=A13)*($C$2:$C$500=C13)*($D$2:$D$500=D13)*($B$2:$B$500=""))=0),"⚠ 排除需對應共用欄位 ","")&IF(AND(ISNUMBER(F13),ISNUMBER(G13),F13>G13),"⚠ 下限大於上限 ","")&IF(SUMPRODUCT((檢查項目!$A$2:$A$500=A13)*(檢查項目!$C$2:$C$500=C13)*(檢查項目!$G$2:$G$500="數值"))=0,"⚠ 該項目不是數值類型 ",""))="","✓",TRIM(IF(SUMPRODUCT(($A$2:$A$500=A13)*($B$2:$B$500=B13)*($C$2:$C$500=C13)*($D$2:$D$500=D13))>1,"⚠ 欄位名稱重複 ","")&IF(AND(B13<>"",NOT(ISNUMBER(SEARCH("、"&B13&"、","、"&IFERROR(INDEX(表單!$I$2:$I$500,MATCH(A13,表單!$A$2:$A$500,0)),"")&"、")))),"⚠ 單元不在適用單元內 ","")&IF(AND(H13="Y",B13=""),"⚠ 排除只能用在單元列 ","")&IF(AND(H13="Y",B13<>"",SUMPRODUCT(($A$2:$A$500=A13)*($C$2:$C$500=C13)*($D$2:$D$500=D13)*($B$2:$B$500=""))=0),"⚠ 排除需對應共用欄位 ","")&IF(AND(ISNUMBER(F13),ISNUMBER(G13),F13>G13),"⚠ 下限大於上限 ","")&IF(SUMPRODUCT((檢查項目!$A$2:$A$500=A13)*(檢查項目!$C$2:$C$500=C13)*(檢查項目!$G$2:$G$500="數值"))=0,"⚠ 該項目不是數值類型 ",""))))
... I300: =IF(A300="","",IFERROR(INDEX(檢查項目!$E$2:$E$500,MATCH(1,INDEX((檢查項目!$A$2:$A$500=A300)*(檢查項目!$C$2:$C$500=C300)*(檢查項目!$B$2:$B$500=B300),0),0)),IFERROR(INDEX(檢查項目!$E$2:$E$500,MATCH(1,INDEX((檢查項目!$A$2:$A$500=A300)*(檢查項目!$C$2:$C$500=C300)*(檢查項目!$B$2:$B$500=""),0),0)),"⚠ 找不到項目"))) | J300: =IF(A300="","",IF(B300="","共用",IF(H300="Y","排除（"&B300&"）",IF(SUMPRODUCT(($A$2:$A$500=A300)*($C$2:$C$500=C300)*($D$2:$D$500=D300)*($B$2:$B$500=""))>0,"覆蓋共用（"&B300&"）","單元新增（"&B300&"）")))) | K300: =IF(A300="","",IF(H300="Y","—",IF(AND(F300<>"",G300<>""),F300&" ~ "&G300,IF(G300<>"","≤ "&G300,IF(F300<>"","≥ "&F300,"只記錄、不檢核"))))) | L300: =IF(A300="","",IF(TRIM(IF(SUMPRODUCT(($A$2:$A$500=A300)*($B$2:$B$500=B300)*($C$2:$C$500=C300)*($D$2:$D$500=D300))>1,"⚠ 欄位名稱重複 ","")&IF(AND(B300<>"",NOT(ISNUMBER(SEARCH("、"&B300&"、","、"&IFERROR(INDEX(表單!$I$2:$I$500,MATCH(A300,表單!$A$2:$A$500,0)),"")&"、")))),"⚠ 單元不在適用單元內 ","")&IF(AND(H300="Y",B300=""),"⚠ 排除只能用在單元列 ","")&IF(AND(H300="Y",B300<>"",SUMPRODUCT(($A$2:$A$500=A300)*($C$2:$C$500=C300)*($D$2:$D$500=D300)*($B$2:$B$500=""))=0),"⚠ 排除需對應共用欄位 ","")&IF(AND(ISNUMBER(F300),ISNUMBER(G300),F300>G300),"⚠ 下限大於上限 ","")&IF(SUMPRODUCT((檢查項目!$A$2:$A$500=A300)*(檢查項目!$C$2:$C$500=C300)*(檢查項目!$G$2:$G$500="數值"))=0,"⚠ 該項目不是數值類型 ",""))="","✓",TRIM(IF(SUMPRODUCT(($A$2:$A$500=A300)*($B$2:$B$500=B300)*($C$2:$C$500=C300)*($D$2:$D$500=D300))>1,"⚠ 欄位名稱重複 ","")&IF(AND(B300<>"",NOT(ISNUMBER(SEARCH("、"&B300&"、","、"&IFERROR(INDEX(表單!$I$2:$I$500,MATCH(A300,表單!$A$2:$A$500,0)),"")&"、")))),"⚠ 單元不在適用單元內 ","")&IF(AND(H300="Y",B300=""),"⚠ 排除只能用在單元列 ","")&IF(AND(H300="Y",B300<>"",SUMPRODUCT(($A$2:$A$500=A300)*($C$2:$C$500=C300)*($D$2:$D$500=D300)*($B$2:$B$500=""))=0),"⚠ 排除需對應共用欄位 ","")&IF(AND(ISNUMBER(F300),ISNUMBER(G300),F300>G300),"⚠ 下限大於上限 ","")&IF(SUMPRODUCT((檢查項目!$A$2:$A$500=A300)*(檢查項目!$C$2:$C$500=C300)*(檢查項目!$G$2:$G$500="數值"))=0,"⚠ 該項目不是數值類型 ",""))))

Sheet 可連結表單
A1: 表號 | B1: 表單名稱 | C1: 單元 | D1: 填寫方式 | E1: 來源 | H1: 本檔新增序號 | J1: 下拉清單 | L1: 系統表號 | M1: 系統表單名稱 | N1: 系統單元 | O1: 系統填寫方式
A2: =IF($J2="","",$J2) | B2: =IF($A2="","",IF(ISNUMBER(MATCH($A2,表單!$A$2:$A$301,0)),INDEX(表單!$B$2:$B$301,MATCH($A2,表單!$A$2:$A$301,0)),IFERROR(INDEX($M$2:$M$201,MATCH($A2,$L$2:$L$201,0)),""))) | C2: =IF($A2="","",IF(ISNUMBER(MATCH($A2,表單!$A$2:$A$301,0)),IF(TRIM(INDEX(表單!$D$2:$D$301,MATCH($A2,表單!$A$2:$A$301,0)))="","（分項工程層）",INDEX(表單!$D$2:$D$301,MATCH($A2,表單!$A$2:$A$301,0))),IFERROR(INDEX($N$2:$N$201,MATCH($A2,$L$2:$L$201,0)),""))) | D2: =IF($A2="","",IF(ISNUMBER(MATCH($A2,表單!$A$2:$A$301,0)),"線上表單",IFERROR(INDEX($O$2:$O$201,MATCH($A2,$L$2:$L$201,0)),""))) | E2: =IF($A2="","",IF(ISNUMBER(MATCH($A2,表單!$A$2:$A$301,0)),"本檔","系統")) | H2: =IF(AND(表單!$C2="自主檢查表",表單!$A2<>"",COUNTIF($L$2:$L$201,表單!$A2)=0),COUNT($H$1:H1)+1,"") | J2: =IF(1<=COUNTA($L$2:$L$201),INDEX($L$2:$L$201,1),IFERROR(INDEX(表單!$A$2:$A$301,MATCH(1-COUNTA($L$2:$L$201),$H$2:$H$301,0)),""))
A3: =IF($J3="","",$J3) | B3: =IF($A3="","",IF(ISNUMBER(MATCH($A3,表單!$A$2:$A$301,0)),INDEX(表單!$B$2:$B$301,MATCH($A3,表單!$A$2:$A$301,0)),IFERROR(INDEX($M$2:$M$201,MATCH($A3,$L$2:$L$201,0)),""))) | C3: =IF($A3="","",IF(ISNUMBER(MATCH($A3,表單!$A$2:$A$301,0)),IF(TRIM(INDEX(表單!$D$2:$D$301,MATCH($A3,表單!$A$2:$A$301,0)))="","（分項工程層）",INDEX(表單!$D$2:$D$301,MATCH($A3,表單!$A$2:$A$301,0))),IFERROR(INDEX($N$2:$N$201,MATCH($A3,$L$2:$L$201,0)),""))) | D3: =IF($A3="","",IF(ISNUMBER(MATCH($A3,表單!$A$2:$A$301,0)),"線上表單",IFERROR(INDEX($O$2:$O$201,MATCH($A3,$L$2:$L$201,0)),""))) | E3: =IF($A3="","",IF(ISNUMBER(MATCH($A3,表單!$A$2:$A$301,0)),"本檔","系統")) | H3: =IF(AND(表單!$C3="自主檢查表",表單!$A3<>"",COUNTIF($L$2:$L$201,表單!$A3)=0),COUNT($H$1:H2)+1,"") | J3: =IF(2<=COUNTA($L$2:$L$201),INDEX($L$2:$L$201,2),IFERROR(INDEX(表單!$A$2:$A$301,MATCH(2-COUNTA($L$2:$L$201),$H$2:$H$301,0)),""))
A4: =IF($J4="","",$J4) | B4: =IF($A4="","",IF(ISNUMBER(MATCH($A4,表單!$A$2:$A$301,0)),INDEX(表單!$B$2:$B$301,MATCH($A4,表單!$A$2:$A$301,0)),IFERROR(INDEX($M$2:$M$201,MATCH($A4,$L$2:$L$201,0)),""))) | C4: =IF($A4="","",IF(ISNUMBER(MATCH($A4,表單!$A$2:$A$301,0)),IF(TRIM(INDEX(表單!$D$2:$D$301,MATCH($A4,表單!$A$2:$A$301,0)))="","（分項工程層）",INDEX(表單!$D$2:$D$301,MATCH($A4,表單!$A$2:$A$301,0))),IFERROR(INDEX($N$2:$N$201,MATCH($A4,$L$2:$L$201,0)),""))) | D4: =IF($A4="","",IF(ISNUMBER(MATCH($A4,表單!$A$2:$A$301,0)),"線上表單",IFERROR(INDEX($O$2:$O$201,MATCH($A4,$L$2:$L$201,0)),""))) | E4: =IF($A4="","",IF(ISNUMBER(MATCH($A4,表單!$A$2:$A$301,0)),"本檔","系統")) | H4: =IF(AND(表單!$C4="自主檢查表",表單!$A4<>"",COUNTIF($L$2:$L$201,表單!$A4)=0),COUNT($H$1:H3)+1,"") | J4: =IF(3<=COUNTA($L$2:$L$201),INDEX($L$2:$L$201,3),IFERROR(INDEX(表單!$A$2:$A$301,MATCH(3-COUNTA($L$2:$L$201),$H$2:$H$301,0)),""))
A5: =IF($J5="","",$J5) | B5: =IF($A5="","",IF(ISNUMBER(MATCH($A5,表單!$A$2:$A$301,0)),INDEX(表單!$B$2:$B$301,MATCH($A5,表單!$A$2:$A$301,0)),IFERROR(INDEX($M$2:$M$201,MATCH($A5,$L$2:$L$201,0)),""))) | C5: =IF($A5="","",IF(ISNUMBER(MATCH($A5,表單!$A$2:$A$301,0)),IF(TRIM(INDEX(表單!$D$2:$D$301,MATCH($A5,表單!$A$2:$A$301,0)))="","（分項工程層）",INDEX(表單!$D$2:$D$301,MATCH($A5,表單!$A$2:$A$301,0))),IFERROR(INDEX($N$2:$N$201,MATCH($A5,$L$2:$L$201,0)),""))) | D5: =IF($A5="","",IF(ISNUMBER(MATCH($A5,表單!$A$2:$A$301,0)),"線上表單",IFERROR(INDEX($O$2:$O$201,MATCH($A5,$L$2:$L$201,0)),""))) | E5: =IF($A5="","",IF(ISNUMBER(MATCH($A5,表單!$A$2:$A$301,0)),"本檔","系統")) | H5: =IF(AND(表單!$C5="自主檢查表",表單!$A5<>"",COUNTIF($L$2:$L$201,表單!$A5)=0),COUNT($H$1:H4)+1,"") | J5: =IF(4<=COUNTA($L$2:$L$201),INDEX($L$2:$L$201,4),IFERROR(INDEX(表單!$A$2:$A$301,MATCH(4-COUNTA($L$2:$L$201),$H$2:$H$301,0)),""))
A6: =IF($J6="","",$J6) | B6: =IF($A6="","",IF(ISNUMBER(MATCH($A6,表單!$A$2:$A$301,0)),INDEX(表單!$B$2:$B$301,MATCH($A6,表單!$A$2:$A$301,0)),IFERROR(INDEX($M$2:$M$201,MATCH($A6,$L$2:$L$201,0)),""))) | C6: =IF($A6="","",IF(ISNUMBER(MATCH($A6,表單!$A$2:$A$301,0)),IF(TRIM(INDEX(表單!$D$2:$D$301,MATCH($A6,表單!$A$2:$A$301,0)))="","（分項工程層）",INDEX(表單!$D$2:$D$301,MATCH($A6,表單!$A$2:$A$301,0))),IFERROR(INDEX($N$2:$N$201,MATCH($A6,$L$2:$L$201,0)),""))) | D6: =IF($A6="","",IF(ISNUMBER(MATCH($A6,表單!$A$2:$A$301,0)),"線上表單",IFERROR(INDEX($O$2:$O$201,MATCH($A6,$L$2:$L$201,0)),""))) | E6: =IF($A6="","",IF(ISNUMBER(MATCH($A6,表單!$A$2:$A$301,0)),"本檔","系統")) | H6: =IF(AND(表單!$C6="自主檢查表",表單!$A6<>"",COUNTIF($L$2:$L$201,表單!$A6)=0),COUNT($H$1:H5)+1,"") | J6: =IF(5<=COUNTA($L$2:$L$201),INDEX($L$2:$L$201,5),IFERROR(INDEX(表單!$A$2:$A$301,MATCH(5-COUNTA($L$2:$L$201),$H$2:$H$301,0)),""))
A7: =IF($J7="","",$J7) | B7: =IF($A7="","",IF(ISNUMBER(MATCH($A7,表單!$A$2:$A$301,0)),INDEX(表單!$B$2:$B$301,MATCH($A7,表單!$A$2:$A$301,0)),IFERROR(INDEX($M$2:$M$201,MATCH($A7,$L$2:$L$201,0)),""))) | C7: =IF($A7="","",IF(ISNUMBER(MATCH($A7,表單!$A$2:$A$301,0)),IF(TRIM(INDEX(表單!$D$2:$D$301,MATCH($A7,表單!$A$2:$A$301,0)))="","（分項工程層）",INDEX(表單!$D$2:$D$301,MATCH($A7,表單!$A$2:$A$301,0))),IFERROR(INDEX($N$2:$N$201,MATCH($A7,$L$2:$L$201,0)),""))) | D7: =IF($A7="","",IF(ISNUMBER(MATCH($A7,表單!$A$2:$A$301,0)),"線上表單",IFERROR(INDEX($O$2:$O$201,MATCH($A7,$L$2:$L$201,0)),""))) | E7: =IF($A7="","",IF(ISNUMBER(MATCH($A7,表單!$A$2:$A$301,0)),"本檔","系統")) | H7: =IF(AND(表單!$C7="自主檢查表",表單!$A7<>"",COUNTIF($L$2:$L$201,表單!$A7)=0),COUNT($H$1:H6)+1,"") | J7: =IF(6<=COUNTA($L$2:$L$201),INDEX($L$2:$L$201,6),IFERROR(INDEX(表單!$A$2:$A$301,MATCH(6-COUNTA($L$2:$L$201),$H$2:$H$301,0)),""))
A8: =IF($J8="","",$J8) | B8: =IF($A8="","",IF(ISNUMBER(MATCH($A8,表單!$A$2:$A$301,0)),INDEX(表單!$B$2:$B$301,MATCH($A8,表單!$A$2:$A$301,0)),IFERROR(INDEX($M$2:$M$201,MATCH($A8,$L$2:$L$201,0)),""))) | C8: =IF($A8="","",IF(ISNUMBER(MATCH($A8,表單!$A$2:$A$301,0)),IF(TRIM(INDEX(表單!$D$2:$D$301,MATCH($A8,表單!$A$2:$A$301,0)))="","（分項工程層）",INDEX(表單!$D$2:$D$301,MATCH($A8,表單!$A$2:$A$301,0))),IFERROR(INDEX($N$2:$N$201,MATCH($A8,$L$2:$L$201,0)),""))) | D8: =IF($A8="","",IF(ISNUMBER(MATCH($A8,表單!$A$2:$A$301,0)),"線上表單",IFERROR(INDEX($O$2:$O$201,MATCH($A8,$L$2:$L$201,0)),""))) | E8: =IF($A8="","",IF(ISNUMBER(MATCH($A8,表單!$A$2:$A$301,0)),"本檔","系統")) | H8: =IF(AND(表單!$C8="自主檢查表",表單!$A8<>"",COUNTIF($L$2:$L$201,表單!$A8)=0),COUNT($H$1:H7)+1,"") | J8: =IF(7<=COUNTA($L$2:$L$201),INDEX($L$2:$L$201,7),IFERROR(INDEX(表單!$A$2:$A$301,MATCH(7-COUNTA($L$2:$L$201),$H$2:$H$301,0)),""))
A9: =IF($J9="","",$J9) | B9: =IF($A9="","",IF(ISNUMBER(MATCH($A9,表單!$A$2:$A$301,0)),INDEX(表單!$B$2:$B$301,MATCH($A9,表單!$A$2:$A$301,0)),IFERROR(INDEX($M$2:$M$201,MATCH($A9,$L$2:$L$201,0)),""))) | C9: =IF($A9="","",IF(ISNUMBER(MATCH($A9,表單!$A$2:$A$301,0)),IF(TRIM(INDEX(表單!$D$2:$D$301,MATCH($A9,表單!$A$2:$A$301,0)))="","（分項工程層）",INDEX(表單!$D$2:$D$301,MATCH($A9,表單!$A$2:$A$301,0))),IFERROR(INDEX($N$2:$N$201,MATCH($A9,$L$2:$L$201,0)),""))) | D9: =IF($A9="","",IF(ISNUMBER(MATCH($A9,表單!$A$2:$A$301,0)),"線上表單",IFERROR(INDEX($O$2:$O$201,MATCH($A9,$L$2:$L$201,0)),""))) | E9: =IF($A9="","",IF(ISNUMBER(MATCH($A9,表單!$A$2:$A$301,0)),"本檔","系統")) | H9: =IF(AND(表單!$C9="自主檢查表",表單!$A9<>"",COUNTIF($L$2:$L$201,表單!$A9)=0),COUNT($H$1:H8)+1,"") | J9: =IF(8<=COUNTA($L$2:$L$201),INDEX($L$2:$L$201,8),IFERROR(INDEX(表單!$A$2:$A$301,MATCH(8-COUNTA($L$2:$L$201),$H$2:$H$301,0)),""))
A10: =IF($J10="","",$J10) | B10: =IF($A10="","",IF(ISNUMBER(MATCH($A10,表單!$A$2:$A$301,0)),INDEX(表單!$B$2:$B$301,MATCH($A10,表單!$A$2:$A$301,0)),IFERROR(INDEX($M$2:$M$201,MATCH($A10,$L$2:$L$201,0)),""))) | C10: =IF($A10="","",IF(ISNUMBER(MATCH($A10,表單!$A$2:$A$301,0)),IF(TRIM(INDEX(表單!$D$2:$D$301,MATCH($A10,表單!$A$2:$A$301,0)))="","（分項工程層）",INDEX(表單!$D$2:$D$301,MATCH($A10,表單!$A$2:$A$301,0))),IFERROR(INDEX($N$2:$N$201,MATCH($A10,$L$2:$L$201,0)),""))) | D10: =IF($A10="","",IF(ISNUMBER(MATCH($A10,表單!$A$2:$A$301,0)),"線上表單",IFERROR(INDEX($O$2:$O$201,MATCH($A10,$L$2:$L$201,0)),""))) | E10: =IF($A10="","",IF(ISNUMBER(MATCH($A10,表單!$A$2:$A$301,0)),"本檔","系統")) | H10: =IF(AND(表單!$C10="自主檢查表",表單!$A10<>"",COUNTIF($L$2:$L$201,表單!$A10)=0),COUNT($H$1:H9)+1,"") | J10: =IF(9<=COUNTA($L$2:$L$201),INDEX($L$2:$L$201,9),IFERROR(INDEX(表單!$A$2:$A$301,MATCH(9-COUNTA($L$2:$L$201),$H$2:$H$301,0)),""))
A11: =IF($J11="","",$J11) | B11: =IF($A11="","",IF(ISNUMBER(MATCH($A11,表單!$A$2:$A$301,0)),INDEX(表單!$B$2:$B$301,MATCH($A11,表單!$A$2:$A$301,0)),IFERROR(INDEX($M$2:$M$201,MATCH($A11,$L$2:$L$201,0)),""))) | C11: =IF($A11="","",IF(ISNUMBER(MATCH($A11,表單!$A$2:$A$301,0)),IF(TRIM(INDEX(表單!$D$2:$D$301,MATCH($A11,表單!$A$2:$A$301,0)))="","（分項工程層）",INDEX(表單!$D$2:$D$301,MATCH($A11,表單!$A$2:$A$301,0))),IFERROR(INDEX($N$2:$N$201,MATCH($A11,$L$2:$L$201,0)),""))) | D11: =IF($A11="","",IF(ISNUMBER(MATCH($A11,表單!$A$2:$A$301,0)),"線上表單",IFERROR(INDEX($O$2:$O$201,MATCH($A11,$L$2:$L$201,0)),""))) | E11: =IF($A11="","",IF(ISNUMBER(MATCH($A11,表單!$A$2:$A$301,0)),"本檔","系統")) | H11: =IF(AND(表單!$C11="自主檢查表",表單!$A11<>"",COUNTIF($L$2:$L$201,表單!$A11)=0),COUNT($H$1:H10)+1,"") | J11: =IF(10<=COUNTA($L$2:$L$201),INDEX($L$2:$L$201,10),IFERROR(INDEX(表單!$A$2:$A$301,MATCH(10-COUNTA($L$2:$L$201),$H$2:$H$301,0)),""))
A12: =IF($J12="","",$J12) | B12: =IF($A12="","",IF(ISNUMBER(MATCH($A12,表單!$A$2:$A$301,0)),INDEX(表單!$B$2:$B$301,MATCH($A12,表單!$A$2:$A$301,0)),IFERROR(INDEX($M$2:$M$201,MATCH($A12,$L$2:$L$201,0)),""))) | C12: =IF($A12="","",IF(ISNUMBER(MATCH($A12,表單!$A$2:$A$301,0)),IF(TRIM(INDEX(表單!$D$2:$D$301,MATCH($A12,表單!$A$2:$A$301,0)))="","（分項工程層）",INDEX(表單!$D$2:$D$301,MATCH($A12,表單!$A$2:$A$301,0))),IFERROR(INDEX($N$2:$N$201,MATCH($A12,$L$2:$L$201,0)),""))) | D12: =IF($A12="","",IF(ISNUMBER(MATCH($A12,表單!$A$2:$A$301,0)),"線上表單",IFERROR(INDEX($O$2:$O$201,MATCH($A12,$L$2:$L$201,0)),""))) | E12: =IF($A12="","",IF(ISNUMBER(MATCH($A12,表單!$A$2:$A$301,0)),"本檔","系統")) | H12: =IF(AND(表單!$C12="自主檢查表",表單!$A12<>"",COUNTIF($L$2:$L$201,表單!$A12)=0),COUNT($H$1:H11)+1,"") | J12: =IF(11<=COUNTA($L$2:$L$201),INDEX($L$2:$L$201,11),IFERROR(INDEX(表單!$A$2:$A$301,MATCH(11-COUNTA($L$2:$L$201),$H$2:$H$301,0)),""))
A13: =IF($J13="","",$J13) | B13: =IF($A13="","",IF(ISNUMBER(MATCH($A13,表單!$A$2:$A$301,0)),INDEX(表單!$B$2:$B$301,MATCH($A13,表單!$A$2:$A$301,0)),IFERROR(INDEX($M$2:$M$201,MATCH($A13,$L$2:$L$201,0)),""))) | C13: =IF($A13="","",IF(ISNUMBER(MATCH($A13,表單!$A$2:$A$301,0)),IF(TRIM(INDEX(表單!$D$2:$D$301,MATCH($A13,表單!$A$2:$A$301,0)))="","（分項工程層）",INDEX(表單!$D$2:$D$301,MATCH($A13,表單!$A$2:$A$301,0))),IFERROR(INDEX($N$2:$N$201,MATCH($A13,$L$2:$L$201,0)),""))) | D13: =IF($A13="","",IF(ISNUMBER(MATCH($A13,表單!$A$2:$A$301,0)),"線上表單",IFERROR(INDEX($O$2:$O$201,MATCH($A13,$L$2:$L$201,0)),""))) | E13: =IF($A13="","",IF(ISNUMBER(MATCH($A13,表單!$A$2:$A$301,0)),"本檔","系統")) | H13: =IF(AND(表單!$C13="自主檢查表",表單!$A13<>"",COUNTIF($L$2:$L$201,表單!$A13)=0),COUNT($H$1:H12)+1,"") | J13: =IF(12<=COUNTA($L$2:$L$201),INDEX($L$2:$L$201,12),IFERROR(INDEX(表單!$A$2:$A$301,MATCH(12-COUNTA($L$2:$L$201),$H$2:$H$301,0)),""))
A14: =IF($J14="","",$J14) | B14: =IF($A14="","",IF(ISNUMBER(MATCH($A14,表單!$A$2:$A$301,0)),INDEX(表單!$B$2:$B$301,MATCH($A14,表單!$A$2:$A$301,0)),IFERROR(INDEX($M$2:$M$201,MATCH($A14,$L$2:$L$201,0)),""))) | C14: =IF($A14="","",IF(ISNUMBER(MATCH($A14,表單!$A$2:$A$301,0)),IF(TRIM(INDEX(表單!$D$2:$D$301,MATCH($A14,表單!$A$2:$A$301,0)))="","（分項工程層）",INDEX(表單!$D$2:$D$301,MATCH($A14,表單!$A$2:$A$301,0))),IFERROR(INDEX($N$2:$N$201,MATCH($A14,$L$2:$L$201,0)),""))) | D14: =IF($A14="","",IF(ISNUMBER(MATCH($A14,表單!$A$2:$A$301,0)),"線上表單",IFERROR(INDEX($O$2:$O$201,MATCH($A14,$L$2:$L$201,0)),""))) | E14: =IF($A14="","",IF(ISNUMBER(MATCH($A14,表單!$A$2:$A$301,0)),"本檔","系統")) | H14: =IF(AND(表單!$C14="自主檢查表",表單!$A14<>"",COUNTIF($L$2:$L$201,表單!$A14)=0),COUNT($H$1:H13)+1,"") | J14: =IF(13<=COUNTA($L$2:$L$201),INDEX($L$2:$L$201,13),IFERROR(INDEX(表單!$A$2:$A$301,MATCH(13-COUNTA($L$2:$L$201),$H$2:$H$301,0)),""))
A15: =IF($J15="","",$J15) | B15: =IF($A15="","",IF(ISNUMBER(MATCH($A15,表單!$A$2:$A$301,0)),INDEX(表單!$B$2:$B$301,MATCH($A15,表單!$A$2:$A$301,0)),IFERROR(INDEX($M$2:$M$201,MATCH($A15,$L$2:$L$201,0)),""))) | C15: =IF($A15="","",IF(ISNUMBER(MATCH($A15,表單!$A$2:$A$301,0)),IF(TRIM(INDEX(表單!$D$2:$D$301,MATCH($A15,表單!$A$2:$A$301,0)))="","（分項工程層）",INDEX(表單!$D$2:$D$301,MATCH($A15,表單!$A$2:$A$301,0))),IFERROR(INDEX($N$2:$N$201,MATCH($A15,$L$2:$L$201,0)),""))) | D15: =IF($A15="","",IF(ISNUMBER(MATCH($A15,表單!$A$2:$A$301,0)),"線上表單",IFERROR(INDEX($O$2:$O$201,MATCH($A15,$L$2:$L$201,0)),""))) | E15: =IF($A15="","",IF(ISNUMBER(MATCH($A15,表單!$A$2:$A$301,0)),"本檔","系統")) | H15: =IF(AND(表單!$C15="自主檢查表",表單!$A15<>"",COUNTIF($L$2:$L$201,表單!$A15)=0),COUNT($H$1:H14)+1,"") | J15: =IF(14<=COUNTA($L$2:$L$201),INDEX($L$2:$L$201,14),IFERROR(INDEX(表單!$A$2:$A$301,MATCH(14-COUNTA($L$2:$L$201),$H$2:$H$301,0)),""))
A16: =IF($J16="","",$J16) | B16: =IF($A16="","",IF(ISNUMBER(MATCH($A16,表單!$A$2:$A$301,0)),INDEX(表單!$B$2:$B$301,MATCH($A16,表單!$A$2:$A$301,0)),IFERROR(INDEX($M$2:$M$201,MATCH($A16,$L$2:$L$201,0)),""))) | C16: =IF($A16="","",IF(ISNUMBER(MATCH($A16,表單!$A$2:$A$301,0)),IF(TRIM(INDEX(表單!$D$2:$D$301,MATCH($A16,表單!$A$2:$A$301,0)))="","（分項工程層）",INDEX(表單!$D$2:$D$301,MATCH($A16,表單!$A$2:$A$301,0))),IFERROR(INDEX($N$2:$N$201,MATCH($A16,$L$2:$L$201,0)),""))) | D16: =IF($A16="","",IF(ISNUMBER(MATCH($A16,表單!$A$2:$A$301,0)),"線上表單",IFERROR(INDEX($O$2:$O$201,MATCH($A16,$L$2:$L$201,0)),""))) | E16: =IF($A16="","",IF(ISNUMBER(MATCH($A16,表單!$A$2:$A$301,0)),"本檔","系統")) | H16: =IF(AND(表單!$C16="自主檢查表",表單!$A16<>"",COUNTIF($L$2:$L$201,表單!$A16)=0),COUNT($H$1:H15)+1,"") | J16: =IF(15<=COUNTA($L$2:$L$201),INDEX($L$2:$L$201,15),IFERROR(INDEX(表單!$A$2:$A$301,MATCH(15-COUNTA($L$2:$L$201),$H$2:$H$301,0)),""))
A17: =IF($J17="","",$J17) | B17: =IF($A17="","",IF(ISNUMBER(MATCH($A17,表單!$A$2:$A$301,0)),INDEX(表單!$B$2:$B$301,MATCH($A17,表單!$A$2:$A$301,0)),IFERROR(INDEX($M$2:$M$201,MATCH($A17,$L$2:$L$201,0)),""))) | C17: =IF($A17="","",IF(ISNUMBER(MATCH($A17,表單!$A$2:$A$301,0)),IF(TRIM(INDEX(表單!$D$2:$D$301,MATCH($A17,表單!$A$2:$A$301,0)))="","（分項工程層）",INDEX(表單!$D$2:$D$301,MATCH($A17,表單!$A$2:$A$301,0))),IFERROR(INDEX($N$2:$N$201,MATCH($A17,$L$2:$L$201,0)),""))) | D17: =IF($A17="","",IF(ISNUMBER(MATCH($A17,表單!$A$2:$A$301,0)),"線上表單",IFERROR(INDEX($O$2:$O$201,MATCH($A17,$L$2:$L$201,0)),""))) | E17: =IF($A17="","",IF(ISNUMBER(MATCH($A17,表單!$A$2:$A$301,0)),"本檔","系統")) | H17: =IF(AND(表單!$C17="自主檢查表",表單!$A17<>"",COUNTIF($L$2:$L$201,表單!$A17)=0),COUNT($H$1:H16)+1,"") | J17: =IF(16<=COUNTA($L$2:$L$201),INDEX($L$2:$L$201,16),IFERROR(INDEX(表單!$A$2:$A$301,MATCH(16-COUNTA($L$2:$L$201),$H$2:$H$301,0)),""))
A18: =IF($J18="","",$J18) | B18: =IF($A18="","",IF(ISNUMBER(MATCH($A18,表單!$A$2:$A$301,0)),INDEX(表單!$B$2:$B$301,MATCH($A18,表單!$A$2:$A$301,0)),IFERROR(INDEX($M$2:$M$201,MATCH($A18,$L$2:$L$201,0)),""))) | C18: =IF($A18="","",IF(ISNUMBER(MATCH($A18,表單!$A$2:$A$301,0)),IF(TRIM(INDEX(表單!$D$2:$D$301,MATCH($A18,表單!$A$2:$A$301,0)))="","（分項工程層）",INDEX(表單!$D$2:$D$301,MATCH($A18,表單!$A$2:$A$301,0))),IFERROR(INDEX($N$2:$N$201,MATCH($A18,$L$2:$L$201,0)),""))) | D18: =IF($A18="","",IF(ISNUMBER(MATCH($A18,表單!$A$2:$A$301,0)),"線上表單",IFERROR(INDEX($O$2:$O$201,MATCH($A18,$L$2:$L$201,0)),""))) | E18: =IF($A18="","",IF(ISNUMBER(MATCH($A18,表單!$A$2:$A$301,0)),"本檔","系統")) | H18: =IF(AND(表單!$C18="自主檢查表",表單!$A18<>"",COUNTIF($L$2:$L$201,表單!$A18)=0),COUNT($H$1:H17)+1,"") | J18: =IF(17<=COUNTA($L$2:$L$201),INDEX($L$2:$L$201,17),IFERROR(INDEX(表單!$A$2:$A$301,MATCH(17-COUNTA($L$2:$L$201),$H$2:$H$301,0)),""))
A19: =IF($J19="","",$J19) | B19: =IF($A19="","",IF(ISNUMBER(MATCH($A19,表單!$A$2:$A$301,0)),INDEX(表單!$B$2:$B$301,MATCH($A19,表單!$A$2:$A$301,0)),IFERROR(INDEX($M$2:$M$201,MATCH($A19,$L$2:$L$201,0)),""))) | C19: =IF($A19="","",IF(ISNUMBER(MATCH($A19,表單!$A$2:$A$301,0)),IF(TRIM(INDEX(表單!$D$2:$D$301,MATCH($A19,表單!$A$2:$A$301,0)))="","（分項工程層）",INDEX(表單!$D$2:$D$301,MATCH($A19,表單!$A$2:$A$301,0))),IFERROR(INDEX($N$2:$N$201,MATCH($A19,$L$2:$L$201,0)),""))) | D19: =IF($A19="","",IF(ISNUMBER(MATCH($A19,表單!$A$2:$A$301,0)),"線上表單",IFERROR(INDEX($O$2:$O$201,MATCH($A19,$L$2:$L$201,0)),""))) | E19: =IF($A19="","",IF(ISNUMBER(MATCH($A19,表單!$A$2:$A$301,0)),"本檔","系統")) | H19: =IF(AND(表單!$C19="自主檢查表",表單!$A19<>"",COUNTIF($L$2:$L$201,表單!$A19)=0),COUNT($H$1:H18)+1,"") | J19: =IF(18<=COUNTA($L$2:$L$201),INDEX($L$2:$L$201,18),IFERROR(INDEX(表單!$A$2:$A$301,MATCH(18-COUNTA($L$2:$L$201),$H$2:$H$301,0)),""))
A20: =IF($J20="","",$J20) | B20: =IF($A20="","",IF(ISNUMBER(MATCH($A20,表單!$A$2:$A$301,0)),INDEX(表單!$B$2:$B$301,MATCH($A20,表單!$A$2:$A$301,0)),IFERROR(INDEX($M$2:$M$201,MATCH($A20,$L$2:$L$201,0)),""))) | C20: =IF($A20="","",IF(ISNUMBER(MATCH($A20,表單!$A$2:$A$301,0)),IF(TRIM(INDEX(表單!$D$2:$D$301,MATCH($A20,表單!$A$2:$A$301,0)))="","（分項工程層）",INDEX(表單!$D$2:$D$301,MATCH($A20,表單!$A$2:$A$301,0))),IFERROR(INDEX($N$2:$N$201,MATCH($A20,$L$2:$L$201,0)),""))) | D20: =IF($A20="","",IF(ISNUMBER(MATCH($A20,表單!$A$2:$A$301,0)),"線上表單",IFERROR(INDEX($O$2:$O$201,MATCH($A20,$L$2:$L$201,0)),""))) | E20: =IF($A20="","",IF(ISNUMBER(MATCH($A20,表單!$A$2:$A$301,0)),"本檔","系統")) | H20: =IF(AND(表單!$C20="自主檢查表",表單!$A20<>"",COUNTIF($L$2:$L$201,表單!$A20)=0),COUNT($H$1:H19)+1,"") | J20: =IF(19<=COUNTA($L$2:$L$201),INDEX($L$2:$L$201,19),IFERROR(INDEX(表單!$A$2:$A$301,MATCH(19-COUNTA($L$2:$L$201),$H$2:$H$301,0)),""))
A21: =IF($J21="","",$J21) | B21: =IF($A21="","",IF(ISNUMBER(MATCH($A21,表單!$A$2:$A$301,0)),INDEX(表單!$B$2:$B$301,MATCH($A21,表單!$A$2:$A$301,0)),IFERROR(INDEX($M$2:$M$201,MATCH($A21,$L$2:$L$201,0)),""))) | C21: =IF($A21="","",IF(ISNUMBER(MATCH($A21,表單!$A$2:$A$301,0)),IF(TRIM(INDEX(表單!$D$2:$D$301,MATCH($A21,表單!$A$2:$A$301,0)))="","（分項工程層）",INDEX(表單!$D$2:$D$301,MATCH($A21,表單!$A$2:$A$301,0))),IFERROR(INDEX($N$2:$N$201,MATCH($A21,$L$2:$L$201,0)),""))) | D21: =IF($A21="","",IF(ISNUMBER(MATCH($A21,表單!$A$2:$A$301,0)),"線上表單",IFERROR(INDEX($O$2:$O$201,MATCH($A21,$L$2:$L$201,0)),""))) | E21: =IF($A21="","",IF(ISNUMBER(MATCH($A21,表單!$A$2:$A$301,0)),"本檔","系統")) | H21: =IF(AND(表單!$C21="自主檢查表",表單!$A21<>"",COUNTIF($L$2:$L$201,表單!$A21)=0),COUNT($H$1:H20)+1,"") | J21: =IF(20<=COUNTA($L$2:$L$201),INDEX($L$2:$L$201,20),IFERROR(INDEX(表單!$A$2:$A$301,MATCH(20-COUNTA($L$2:$L$201),$H$2:$H$301,0)),""))
A22: =IF($J22="","",$J22) | B22: =IF($A22="","",IF(ISNUMBER(MATCH($A22,表單!$A$2:$A$301,0)),INDEX(表單!$B$2:$B$301,MATCH($A22,表單!$A$2:$A$301,0)),IFERROR(INDEX($M$2:$M$201,MATCH($A22,$L$2:$L$201,0)),""))) | C22: =IF($A22="","",IF(ISNUMBER(MATCH($A22,表單!$A$2:$A$301,0)),IF(TRIM(INDEX(表單!$D$2:$D$301,MATCH($A22,表單!$A$2:$A$301,0)))="","（分項工程層）",INDEX(表單!$D$2:$D$301,MATCH($A22,表單!$A$2:$A$301,0))),IFERROR(INDEX($N$2:$N$201,MATCH($A22,$L$2:$L$201,0)),""))) | D22: =IF($A22="","",IF(ISNUMBER(MATCH($A22,表單!$A$2:$A$301,0)),"線上表單",IFERROR(INDEX($O$2:$O$201,MATCH($A22,$L$2:$L$201,0)),""))) | E22: =IF($A22="","",IF(ISNUMBER(MATCH($A22,表單!$A$2:$A$301,0)),"本檔","系統")) | H22: =IF(AND(表單!$C22="自主檢查表",表單!$A22<>"",COUNTIF($L$2:$L$201,表單!$A22)=0),COUNT($H$1:H21)+1,"") | J22: =IF(21<=COUNTA($L$2:$L$201),INDEX($L$2:$L$201,21),IFERROR(INDEX(表單!$A$2:$A$301,MATCH(21-COUNTA($L$2:$L$201),$H$2:$H$301,0)),""))
A23: =IF($J23="","",$J23) | B23: =IF($A23="","",IF(ISNUMBER(MATCH($A23,表單!$A$2:$A$301,0)),INDEX(表單!$B$2:$B$301,MATCH($A23,表單!$A$2:$A$301,0)),IFERROR(INDEX($M$2:$M$201,MATCH($A23,$L$2:$L$201,0)),""))) | C23: =IF($A23="","",IF(ISNUMBER(MATCH($A23,表單!$A$2:$A$301,0)),IF(TRIM(INDEX(表單!$D$2:$D$301,MATCH($A23,表單!$A$2:$A$301,0)))="","（分項工程層）",INDEX(表單!$D$2:$D$301,MATCH($A23,表單!$A$2:$A$301,0))),IFERROR(INDEX($N$2:$N$201,MATCH($A23,$L$2:$L$201,0)),""))) | D23: =IF($A23="","",IF(ISNUMBER(MATCH($A23,表單!$A$2:$A$301,0)),"線上表單",IFERROR(INDEX($O$2:$O$201,MATCH($A23,$L$2:$L$201,0)),""))) | E23: =IF($A23="","",IF(ISNUMBER(MATCH($A23,表單!$A$2:$A$301,0)),"本檔","系統")) | H23: =IF(AND(表單!$C23="自主檢查表",表單!$A23<>"",COUNTIF($L$2:$L$201,表單!$A23)=0),COUNT($H$1:H22)+1,"") | J23: =IF(22<=COUNTA($L$2:$L$201),INDEX($L$2:$L$201,22),IFERROR(INDEX(表單!$A$2:$A$301,MATCH(22-COUNTA($L$2:$L$201),$H$2:$H$301,0)),""))
A24: =IF($J24="","",$J24) | B24: =IF($A24="","",IF(ISNUMBER(MATCH($A24,表單!$A$2:$A$301,0)),INDEX(表單!$B$2:$B$301,MATCH($A24,表單!$A$2:$A$301,0)),IFERROR(INDEX($M$2:$M$201,MATCH($A24,$L$2:$L$201,0)),""))) | C24: =IF($A24="","",IF(ISNUMBER(MATCH($A24,表單!$A$2:$A$301,0)),IF(TRIM(INDEX(表單!$D$2:$D$301,MATCH($A24,表單!$A$2:$A$301,0)))="","（分項工程層）",INDEX(表單!$D$2:$D$301,MATCH($A24,表單!$A$2:$A$301,0))),IFERROR(INDEX($N$2:$N$201,MATCH($A24,$L$2:$L$201,0)),""))) | D24: =IF($A24="","",IF(ISNUMBER(MATCH($A24,表單!$A$2:$A$301,0)),"線上表單",IFERROR(INDEX($O$2:$O$201,MATCH($A24,$L$2:$L$201,0)),""))) | E24: =IF($A24="","",IF(ISNUMBER(MATCH($A24,表單!$A$2:$A$301,0)),"本檔","系統")) | H24: =IF(AND(表單!$C24="自主檢查表",表單!$A24<>"",COUNTIF($L$2:$L$201,表單!$A24)=0),COUNT($H$1:H23)+1,"") | J24: =IF(23<=COUNTA($L$2:$L$201),INDEX($L$2:$L$201,23),IFERROR(INDEX(表單!$A$2:$A$301,MATCH(23-COUNTA($L$2:$L$201),$H$2:$H$301,0)),""))
A25: =IF($J25="","",$J25) | B25: =IF($A25="","",IF(ISNUMBER(MATCH($A25,表單!$A$2:$A$301,0)),INDEX(表單!$B$2:$B$301,MATCH($A25,表單!$A$2:$A$301,0)),IFERROR(INDEX($M$2:$M$201,MATCH($A25,$L$2:$L$201,0)),""))) | C25: =IF($A25="","",IF(ISNUMBER(MATCH($A25,表單!$A$2:$A$301,0)),IF(TRIM(INDEX(表單!$D$2:$D$301,MATCH($A25,表單!$A$2:$A$301,0)))="","（分項工程層）",INDEX(表單!$D$2:$D$301,MATCH($A25,表單!$A$2:$A$301,0))),IFERROR(INDEX($N$2:$N$201,MATCH($A25,$L$2:$L$201,0)),""))) | D25: =IF($A25="","",IF(ISNUMBER(MATCH($A25,表單!$A$2:$A$301,0)),"線上表單",IFERROR(INDEX($O$2:$O$201,MATCH($A25,$L$2:$L$201,0)),""))) | E25: =IF($A25="","",IF(ISNUMBER(MATCH($A25,表單!$A$2:$A$301,0)),"本檔","系統")) | H25: =IF(AND(表單!$C25="自主檢查表",表單!$A25<>"",COUNTIF($L$2:$L$201,表單!$A25)=0),COUNT($H$1:H24)+1,"") | J25: =IF(24<=COUNTA($L$2:$L$201),INDEX($L$2:$L$201,24),IFERROR(INDEX(表單!$A$2:$A$301,MATCH(24-COUNTA($L$2:$L$201),$H$2:$H$301,0)),""))
A26: =IF($J26="","",$J26) | B26: =IF($A26="","",IF(ISNUMBER(MATCH($A26,表單!$A$2:$A$301,0)),INDEX(表單!$B$2:$B$301,MATCH($A26,表單!$A$2:$A$301,0)),IFERROR(INDEX($M$2:$M$201,MATCH($A26,$L$2:$L$201,0)),""))) | C26: =IF($A26="","",IF(ISNUMBER(MATCH($A26,表單!$A$2:$A$301,0)),IF(TRIM(INDEX(表單!$D$2:$D$301,MATCH($A26,表單!$A$2:$A$301,0)))="","（分項工程層）",INDEX(表單!$D$2:$D$301,MATCH($A26,表單!$A$2:$A$301,0))),IFERROR(INDEX($N$2:$N$201,MATCH($A26,$L$2:$L$201,0)),""))) | D26: =IF($A26="","",IF(ISNUMBER(MATCH($A26,表單!$A$2:$A$301,0)),"線上表單",IFERROR(INDEX($O$2:$O$201,MATCH($A26,$L$2:$L$201,0)),""))) | E26: =IF($A26="","",IF(ISNUMBER(MATCH($A26,表單!$A$2:$A$301,0)),"本檔","系統")) | H26: =IF(AND(表單!$C26="自主檢查表",表單!$A26<>"",COUNTIF($L$2:$L$201,表單!$A26)=0),COUNT($H$1:H25)+1,"") | J26: =IF(25<=COUNTA($L$2:$L$201),INDEX($L$2:$L$201,25),IFERROR(INDEX(表單!$A$2:$A$301,MATCH(25-COUNTA($L$2:$L$201),$H$2:$H$301,0)),""))
A27: =IF($J27="","",$J27) | B27: =IF($A27="","",IF(ISNUMBER(MATCH($A27,表單!$A$2:$A$301,0)),INDEX(表單!$B$2:$B$301,MATCH($A27,表單!$A$2:$A$301,0)),IFERROR(INDEX($M$2:$M$201,MATCH($A27,$L$2:$L$201,0)),""))) | C27: =IF($A27="","",IF(ISNUMBER(MATCH($A27,表單!$A$2:$A$301,0)),IF(TRIM(INDEX(表單!$D$2:$D$301,MATCH($A27,表單!$A$2:$A$301,0)))="","（分項工程層）",INDEX(表單!$D$2:$D$301,MATCH($A27,表單!$A$2:$A$301,0))),IFERROR(INDEX($N$2:$N$201,MATCH($A27,$L$2:$L$201,0)),""))) | D27: =IF($A27="","",IF(ISNUMBER(MATCH($A27,表單!$A$2:$A$301,0)),"線上表單",IFERROR(INDEX($O$2:$O$201,MATCH($A27,$L$2:$L$201,0)),""))) | E27: =IF($A27="","",IF(ISNUMBER(MATCH($A27,表單!$A$2:$A$301,0)),"本檔","系統")) | H27: =IF(AND(表單!$C27="自主檢查表",表單!$A27<>"",COUNTIF($L$2:$L$201,表單!$A27)=0),COUNT($H$1:H26)+1,"") | J27: =IF(26<=COUNTA($L$2:$L$201),INDEX($L$2:$L$201,26),IFERROR(INDEX(表單!$A$2:$A$301,MATCH(26-COUNTA($L$2:$L$201),$H$2:$H$301,0)),""))
A28: =IF($J28="","",$J28) | B28: =IF($A28="","",IF(ISNUMBER(MATCH($A28,表單!$A$2:$A$301,0)),INDEX(表單!$B$2:$B$301,MATCH($A28,表單!$A$2:$A$301,0)),IFERROR(INDEX($M$2:$M$201,MATCH($A28,$L$2:$L$201,0)),""))) | C28: =IF($A28="","",IF(ISNUMBER(MATCH($A28,表單!$A$2:$A$301,0)),IF(TRIM(INDEX(表單!$D$2:$D$301,MATCH($A28,表單!$A$2:$A$301,0)))="","（分項工程層）",INDEX(表單!$D$2:$D$301,MATCH($A28,表單!$A$2:$A$301,0))),IFERROR(INDEX($N$2:$N$201,MATCH($A28,$L$2:$L$201,0)),""))) | D28: =IF($A28="","",IF(ISNUMBER(MATCH($A28,表單!$A$2:$A$301,0)),"線上表單",IFERROR(INDEX($O$2:$O$201,MATCH($A28,$L$2:$L$201,0)),""))) | E28: =IF($A28="","",IF(ISNUMBER(MATCH($A28,表單!$A$2:$A$301,0)),"本檔","系統")) | H28: =IF(AND(表單!$C28="自主檢查表",表單!$A28<>"",COUNTIF($L$2:$L$201,表單!$A28)=0),COUNT($H$1:H27)+1,"") | J28: =IF(27<=COUNTA($L$2:$L$201),INDEX($L$2:$L$201,27),IFERROR(INDEX(表單!$A$2:$A$301,MATCH(27-COUNTA($L$2:$L$201),$H$2:$H$301,0)),""))
A29: =IF($J29="","",$J29) | B29: =IF($A29="","",IF(ISNUMBER(MATCH($A29,表單!$A$2:$A$301,0)),INDEX(表單!$B$2:$B$301,MATCH($A29,表單!$A$2:$A$301,0)),IFERROR(INDEX($M$2:$M$201,MATCH($A29,$L$2:$L$201,0)),""))) | C29: =IF($A29="","",IF(ISNUMBER(MATCH($A29,表單!$A$2:$A$301,0)),IF(TRIM(INDEX(表單!$D$2:$D$301,MATCH($A29,表單!$A$2:$A$301,0)))="","（分項工程層）",INDEX(表單!$D$2:$D$301,MATCH($A29,表單!$A$2:$A$301,0))),IFERROR(INDEX($N$2:$N$201,MATCH($A29,$L$2:$L$201,0)),""))) | D29: =IF($A29="","",IF(ISNUMBER(MATCH($A29,表單!$A$2:$A$301,0)),"線上表單",IFERROR(INDEX($O$2:$O$201,MATCH($A29,$L$2:$L$201,0)),""))) | E29: =IF($A29="","",IF(ISNUMBER(MATCH($A29,表單!$A$2:$A$301,0)),"本檔","系統")) | H29: =IF(AND(表單!$C29="自主檢查表",表單!$A29<>"",COUNTIF($L$2:$L$201,表單!$A29)=0),COUNT($H$1:H28)+1,"") | J29: =IF(28<=COUNTA($L$2:$L$201),INDEX($L$2:$L$201,28),IFERROR(INDEX(表單!$A$2:$A$301,MATCH(28-COUNTA($L$2:$L$201),$H$2:$H$301,0)),""))
A30: =IF($J30="","",$J30) | B30: =IF($A30="","",IF(ISNUMBER(MATCH($A30,表單!$A$2:$A$301,0)),INDEX(表單!$B$2:$B$301,MATCH($A30,表單!$A$2:$A$301,0)),IFERROR(INDEX($M$2:$M$201,MATCH($A30,$L$2:$L$201,0)),""))) | C30: =IF($A30="","",IF(ISNUMBER(MATCH($A30,表單!$A$2:$A$301,0)),IF(TRIM(INDEX(表單!$D$2:$D$301,MATCH($A30,表單!$A$2:$A$301,0)))="","（分項工程層）",INDEX(表單!$D$2:$D$301,MATCH($A30,表單!$A$2:$A$301,0))),IFERROR(INDEX($N$2:$N$201,MATCH($A30,$L$2:$L$201,0)),""))) | D30: =IF($A30="","",IF(ISNUMBER(MATCH($A30,表單!$A$2:$A$301,0)),"線上表單",IFERROR(INDEX($O$2:$O$201,MATCH($A30,$L$2:$L$201,0)),""))) | E30: =IF($A30="","",IF(ISNUMBER(MATCH($A30,表單!$A$2:$A$301,0)),"本檔","系統")) | H30: =IF(AND(表單!$C30="自主檢查表",表單!$A30<>"",COUNTIF($L$2:$L$201,表單!$A30)=0),COUNT($H$1:H29)+1,"") | J30: =IF(29<=COUNTA($L$2:$L$201),INDEX($L$2:$L$201,29),IFERROR(INDEX(表單!$A$2:$A$301,MATCH(29-COUNTA($L$2:$L$201),$H$2:$H$301,0)),""))
A31: =IF($J31="","",$J31) | B31: =IF($A31="","",IF(ISNUMBER(MATCH($A31,表單!$A$2:$A$301,0)),INDEX(表單!$B$2:$B$301,MATCH($A31,表單!$A$2:$A$301,0)),IFERROR(INDEX($M$2:$M$201,MATCH($A31,$L$2:$L$201,0)),""))) | C31: =IF($A31="","",IF(ISNUMBER(MATCH($A31,表單!$A$2:$A$301,0)),IF(TRIM(INDEX(表單!$D$2:$D$301,MATCH($A31,表單!$A$2:$A$301,0)))="","（分項工程層）",INDEX(表單!$D$2:$D$301,MATCH($A31,表單!$A$2:$A$301,0))),IFERROR(INDEX($N$2:$N$201,MATCH($A31,$L$2:$L$201,0)),""))) | D31: =IF($A31="","",IF(ISNUMBER(MATCH($A31,表單!$A$2:$A$301,0)),"線上表單",IFERROR(INDEX($O$2:$O$201,MATCH($A31,$L$2:$L$201,0)),""))) | E31: =IF($A31="","",IF(ISNUMBER(MATCH($A31,表單!$A$2:$A$301,0)),"本檔","系統")) | H31: =IF(AND(表單!$C31="自主檢查表",表單!$A31<>"",COUNTIF($L$2:$L$201,表單!$A31)=0),COUNT($H$1:H30)+1,"") | J31: =IF(30<=COUNTA($L$2:$L$201),INDEX($L$2:$L$201,30),IFERROR(INDEX(表單!$A$2:$A$301,MATCH(30-COUNTA($L$2:$L$201),$H$2:$H$301,0)),""))
A32: =IF($J32="","",$J32) | B32: =IF($A32="","",IF(ISNUMBER(MATCH($A32,表單!$A$2:$A$301,0)),INDEX(表單!$B$2:$B$301,MATCH($A32,表單!$A$2:$A$301,0)),IFERROR(INDEX($M$2:$M$201,MATCH($A32,$L$2:$L$201,0)),""))) | C32: =IF($A32="","",IF(ISNUMBER(MATCH($A32,表單!$A$2:$A$301,0)),IF(TRIM(INDEX(表單!$D$2:$D$301,MATCH($A32,表單!$A$2:$A$301,0)))="","（分項工程層）",INDEX(表單!$D$2:$D$301,MATCH($A32,表單!$A$2:$A$301,0))),IFERROR(INDEX($N$2:$N$201,MATCH($A32,$L$2:$L$201,0)),""))) | D32: =IF($A32="","",IF(ISNUMBER(MATCH($A32,表單!$A$2:$A$301,0)),"線上表單",IFERROR(INDEX($O$2:$O$201,MATCH($A32,$L$2:$L$201,0)),""))) | E32: =IF($A32="","",IF(ISNUMBER(MATCH($A32,表單!$A$2:$A$301,0)),"本檔","系統")) | H32: =IF(AND(表單!$C32="自主檢查表",表單!$A32<>"",COUNTIF($L$2:$L$201,表單!$A32)=0),COUNT($H$1:H31)+1,"") | J32: =IF(31<=COUNTA($L$2:$L$201),INDEX($L$2:$L$201,31),IFERROR(INDEX(表單!$A$2:$A$301,MATCH(31-COUNTA($L$2:$L$201),$H$2:$H$301,0)),""))
A33: =IF($J33="","",$J33) | B33: =IF($A33="","",IF(ISNUMBER(MATCH($A33,表單!$A$2:$A$301,0)),INDEX(表單!$B$2:$B$301,MATCH($A33,表單!$A$2:$A$301,0)),IFERROR(INDEX($M$2:$M$201,MATCH($A33,$L$2:$L$201,0)),""))) | C33: =IF($A33="","",IF(ISNUMBER(MATCH($A33,表單!$A$2:$A$301,0)),IF(TRIM(INDEX(表單!$D$2:$D$301,MATCH($A33,表單!$A$2:$A$301,0)))="","（分項工程層）",INDEX(表單!$D$2:$D$301,MATCH($A33,表單!$A$2:$A$301,0))),IFERROR(INDEX($N$2:$N$201,MATCH($A33,$L$2:$L$201,0)),""))) | D33: =IF($A33="","",IF(ISNUMBER(MATCH($A33,表單!$A$2:$A$301,0)),"線上表單",IFERROR(INDEX($O$2:$O$201,MATCH($A33,$L$2:$L$201,0)),""))) | E33: =IF($A33="","",IF(ISNUMBER(MATCH($A33,表單!$A$2:$A$301,0)),"本檔","系統")) | H33: =IF(AND(表單!$C33="自主檢查表",表單!$A33<>"",COUNTIF($L$2:$L$201,表單!$A33)=0),COUNT($H$1:H32)+1,"") | J33: =IF(32<=COUNTA($L$2:$L$201),INDEX($L$2:$L$201,32),IFERROR(INDEX(表單!$A$2:$A$301,MATCH(32-COUNTA($L$2:$L$201),$H$2:$H$301,0)),""))
A34: =IF($J34="","",$J34) | B34: =IF($A34="","",IF(ISNUMBER(MATCH($A34,表單!$A$2:$A$301,0)),INDEX(表單!$B$2:$B$301,MATCH($A34,表單!$A$2:$A$301,0)),IFERROR(INDEX($M$2:$M$201,MATCH($A34,$L$2:$L$201,0)),""))) | C34: =IF($A34="","",IF(ISNUMBER(MATCH($A34,表單!$A$2:$A$301,0)),IF(TRIM(INDEX(表單!$D$2:$D$301,MATCH($A34,表單!$A$2:$A$301,0)))="","（分項工程層）",INDEX(表單!$D$2:$D$301,MATCH($A34,表單!$A$2:$A$301,0))),IFERROR(INDEX($N$2:$N$201,MATCH($A34,$L$2:$L$201,0)),""))) | D34: =IF($A34="","",IF(ISNUMBER(MATCH($A34,表單!$A$2:$A$301,0)),"線上表單",IFERROR(INDEX($O$2:$O$201,MATCH($A34,$L$2:$L$201,0)),""))) | E34: =IF($A34="","",IF(ISNUMBER(MATCH($A34,表單!$A$2:$A$301,0)),"本檔","系統")) | H34: =IF(AND(表單!$C34="自主檢查表",表單!$A34<>"",COUNTIF($L$2:$L$201,表單!$A34)=0),COUNT($H$1:H33)+1,"") | J34: =IF(33<=COUNTA($L$2:$L$201),INDEX($L$2:$L$201,33),IFERROR(INDEX(表單!$A$2:$A$301,MATCH(33-COUNTA($L$2:$L$201),$H$2:$H$301,0)),""))
A35: =IF($J35="","",$J35) | B35: =IF($A35="","",IF(ISNUMBER(MATCH($A35,表單!$A$2:$A$301,0)),INDEX(表單!$B$2:$B$301,MATCH($A35,表單!$A$2:$A$301,0)),IFERROR(INDEX($M$2:$M$201,MATCH($A35,$L$2:$L$201,0)),""))) | C35: =IF($A35="","",IF(ISNUMBER(MATCH($A35,表單!$A$2:$A$301,0)),IF(TRIM(INDEX(表單!$D$2:$D$301,MATCH($A35,表單!$A$2:$A$301,0)))="","（分項工程層）",INDEX(表單!$D$2:$D$301,MATCH($A35,表單!$A$2:$A$301,0))),IFERROR(INDEX($N$2:$N$201,MATCH($A35,$L$2:$L$201,0)),""))) | D35: =IF($A35="","",IF(ISNUMBER(MATCH($A35,表單!$A$2:$A$301,0)),"線上表單",IFERROR(INDEX($O$2:$O$201,MATCH($A35,$L$2:$L$201,0)),""))) | E35: =IF($A35="","",IF(ISNUMBER(MATCH($A35,表單!$A$2:$A$301,0)),"本檔","系統")) | H35: =IF(AND(表單!$C35="自主檢查表",表單!$A35<>"",COUNTIF($L$2:$L$201,表單!$A35)=0),COUNT($H$1:H34)+1,"") | J35: =IF(34<=COUNTA($L$2:$L$201),INDEX($L$2:$L$201,34),IFERROR(INDEX(表單!$A$2:$A$301,MATCH(34-COUNTA($L$2:$L$201),$H$2:$H$301,0)),""))
A36: =IF($J36="","",$J36) | B36: =IF($A36="","",IF(ISNUMBER(MATCH($A36,表單!$A$2:$A$301,0)),INDEX(表單!$B$2:$B$301,MATCH($A36,表單!$A$2:$A$301,0)),IFERROR(INDEX($M$2:$M$201,MATCH($A36,$L$2:$L$201,0)),""))) | C36: =IF($A36="","",IF(ISNUMBER(MATCH($A36,表單!$A$2:$A$301,0)),IF(TRIM(INDEX(表單!$D$2:$D$301,MATCH($A36,表單!$A$2:$A$301,0)))="","（分項工程層）",INDEX(表單!$D$2:$D$301,MATCH($A36,表單!$A$2:$A$301,0))),IFERROR(INDEX($N$2:$N$201,MATCH($A36,$L$2:$L$201,0)),""))) | D36: =IF($A36="","",IF(ISNUMBER(MATCH($A36,表單!$A$2:$A$301,0)),"線上表單",IFERROR(INDEX($O$2:$O$201,MATCH($A36,$L$2:$L$201,0)),""))) | E36: =IF($A36="","",IF(ISNUMBER(MATCH($A36,表單!$A$2:$A$301,0)),"本檔","系統")) | H36: =IF(AND(表單!$C36="自主檢查表",表單!$A36<>"",COUNTIF($L$2:$L$201,表單!$A36)=0),COUNT($H$1:H35)+1,"") | J36: =IF(35<=COUNTA($L$2:$L$201),INDEX($L$2:$L$201,35),IFERROR(INDEX(表單!$A$2:$A$301,MATCH(35-COUNTA($L$2:$L$201),$H$2:$H$301,0)),""))
A37: =IF($J37="","",$J37) | B37: =IF($A37="","",IF(ISNUMBER(MATCH($A37,表單!$A$2:$A$301,0)),INDEX(表單!$B$2:$B$301,MATCH($A37,表單!$A$2:$A$301,0)),IFERROR(INDEX($M$2:$M$201,MATCH($A37,$L$2:$L$201,0)),""))) | C37: =IF($A37="","",IF(ISNUMBER(MATCH($A37,表單!$A$2:$A$301,0)),IF(TRIM(INDEX(表單!$D$2:$D$301,MATCH($A37,表單!$A$2:$A$301,0)))="","（分項工程層）",INDEX(表單!$D$2:$D$301,MATCH($A37,表單!$A$2:$A$301,0))),IFERROR(INDEX($N$2:$N$201,MATCH($A37,$L$2:$L$201,0)),""))) | D37: =IF($A37="","",IF(ISNUMBER(MATCH($A37,表單!$A$2:$A$301,0)),"線上表單",IFERROR(INDEX($O$2:$O$201,MATCH($A37,$L$2:$L$201,0)),""))) | E37: =IF($A37="","",IF(ISNUMBER(MATCH($A37,表單!$A$2:$A$301,0)),"本檔","系統")) | H37: =IF(AND(表單!$C37="自主檢查表",表單!$A37<>"",COUNTIF($L$2:$L$201,表單!$A37)=0),COUNT($H$1:H36)+1,"") | J37: =IF(36<=COUNTA($L$2:$L$201),INDEX($L$2:$L$201,36),IFERROR(INDEX(表單!$A$2:$A$301,MATCH(36-COUNTA($L$2:$L$201),$H$2:$H$301,0)),""))
A38: =IF($J38="","",$J38) | B38: =IF($A38="","",IF(ISNUMBER(MATCH($A38,表單!$A$2:$A$301,0)),INDEX(表單!$B$2:$B$301,MATCH($A38,表單!$A$2:$A$301,0)),IFERROR(INDEX($M$2:$M$201,MATCH($A38,$L$2:$L$201,0)),""))) | C38: =IF($A38="","",IF(ISNUMBER(MATCH($A38,表單!$A$2:$A$301,0)),IF(TRIM(INDEX(表單!$D$2:$D$301,MATCH($A38,表單!$A$2:$A$301,0)))="","（分項工程層）",INDEX(表單!$D$2:$D$301,MATCH($A38,表單!$A$2:$A$301,0))),IFERROR(INDEX($N$2:$N$201,MATCH($A38,$L$2:$L$201,0)),""))) | D38: =IF($A38="","",IF(ISNUMBER(MATCH($A38,表單!$A$2:$A$301,0)),"線上表單",IFERROR(INDEX($O$2:$O$201,MATCH($A38,$L$2:$L$201,0)),""))) | E38: =IF($A38="","",IF(ISNUMBER(MATCH($A38,表單!$A$2:$A$301,0)),"本檔","系統")) | H38: =IF(AND(表單!$C38="自主檢查表",表單!$A38<>"",COUNTIF($L$2:$L$201,表單!$A38)=0),COUNT($H$1:H37)+1,"") | J38: =IF(37<=COUNTA($L$2:$L$201),INDEX($L$2:$L$201,37),IFERROR(INDEX(表單!$A$2:$A$301,MATCH(37-COUNTA($L$2:$L$201),$H$2:$H$301,0)),""))
A39: =IF($J39="","",$J39) | B39: =IF($A39="","",IF(ISNUMBER(MATCH($A39,表單!$A$2:$A$301,0)),INDEX(表單!$B$2:$B$301,MATCH($A39,表單!$A$2:$A$301,0)),IFERROR(INDEX($M$2:$M$201,MATCH($A39,$L$2:$L$201,0)),""))) | C39: =IF($A39="","",IF(ISNUMBER(MATCH($A39,表單!$A$2:$A$301,0)),IF(TRIM(INDEX(表單!$D$2:$D$301,MATCH($A39,表單!$A$2:$A$301,0)))="","（分項工程層）",INDEX(表單!$D$2:$D$301,MATCH($A39,表單!$A$2:$A$301,0))),IFERROR(INDEX($N$2:$N$201,MATCH($A39,$L$2:$L$201,0)),""))) | D39: =IF($A39="","",IF(ISNUMBER(MATCH($A39,表單!$A$2:$A$301,0)),"線上表單",IFERROR(INDEX($O$2:$O$201,MATCH($A39,$L$2:$L$201,0)),""))) | E39: =IF($A39="","",IF(ISNUMBER(MATCH($A39,表單!$A$2:$A$301,0)),"本檔","系統")) | H39: =IF(AND(表單!$C39="自主檢查表",表單!$A39<>"",COUNTIF($L$2:$L$201,表單!$A39)=0),COUNT($H$1:H38)+1,"") | J39: =IF(38<=COUNTA($L$2:$L$201),INDEX($L$2:$L$201,38),IFERROR(INDEX(表單!$A$2:$A$301,MATCH(38-COUNTA($L$2:$L$201),$H$2:$H$301,0)),""))
A40: =IF($J40="","",$J40) | B40: =IF($A40="","",IF(ISNUMBER(MATCH($A40,表單!$A$2:$A$301,0)),INDEX(表單!$B$2:$B$301,MATCH($A40,表單!$A$2:$A$301,0)),IFERROR(INDEX($M$2:$M$201,MATCH($A40,$L$2:$L$201,0)),""))) | C40: =IF($A40="","",IF(ISNUMBER(MATCH($A40,表單!$A$2:$A$301,0)),IF(TRIM(INDEX(表單!$D$2:$D$301,MATCH($A40,表單!$A$2:$A$301,0)))="","（分項工程層）",INDEX(表單!$D$2:$D$301,MATCH($A40,表單!$A$2:$A$301,0))),IFERROR(INDEX($N$2:$N$201,MATCH($A40,$L$2:$L$201,0)),""))) | D40: =IF($A40="","",IF(ISNUMBER(MATCH($A40,表單!$A$2:$A$301,0)),"線上表單",IFERROR(INDEX($O$2:$O$201,MATCH($A40,$L$2:$L$201,0)),""))) | E40: =IF($A40="","",IF(ISNUMBER(MATCH($A40,表單!$A$2:$A$301,0)),"本檔","系統")) | H40: =IF(AND(表單!$C40="自主檢查表",表單!$A40<>"",COUNTIF($L$2:$L$201,表單!$A40)=0),COUNT($H$1:H39)+1,"") | J40: =IF(39<=COUNTA($L$2:$L$201),INDEX($L$2:$L$201,39),IFERROR(INDEX(表單!$A$2:$A$301,MATCH(39-COUNTA($L$2:$L$201),$H$2:$H$301,0)),""))
A41: =IF($J41="","",$J41) | B41: =IF($A41="","",IF(ISNUMBER(MATCH($A41,表單!$A$2:$A$301,0)),INDEX(表單!$B$2:$B$301,MATCH($A41,表單!$A$2:$A$301,0)),IFERROR(INDEX($M$2:$M$201,MATCH($A41,$L$2:$L$201,0)),""))) | C41: =IF($A41="","",IF(ISNUMBER(MATCH($A41,表單!$A$2:$A$301,0)),IF(TRIM(INDEX(表單!$D$2:$D$301,MATCH($A41,表單!$A$2:$A$301,0)))="","（分項工程層）",INDEX(表單!$D$2:$D$301,MATCH($A41,表單!$A$2:$A$301,0))),IFERROR(INDEX($N$2:$N$201,MATCH($A41,$L$2:$L$201,0)),""))) | D41: =IF($A41="","",IF(ISNUMBER(MATCH($A41,表單!$A$2:$A$301,0)),"線上表單",IFERROR(INDEX($O$2:$O$201,MATCH($A41,$L$2:$L$201,0)),""))) | E41: =IF($A41="","",IF(ISNUMBER(MATCH($A41,表單!$A$2:$A$301,0)),"本檔","系統")) | H41: =IF(AND(表單!$C41="自主檢查表",表單!$A41<>"",COUNTIF($L$2:$L$201,表單!$A41)=0),COUNT($H$1:H40)+1,"") | J41: =IF(40<=COUNTA($L$2:$L$201),INDEX($L$2:$L$201,40),IFERROR(INDEX(表單!$A$2:$A$301,MATCH(40-COUNTA($L$2:$L$201),$H$2:$H$301,0)),""))
A42: =IF($J42="","",$J42) | B42: =IF($A42="","",IF(ISNUMBER(MATCH($A42,表單!$A$2:$A$301,0)),INDEX(表單!$B$2:$B$301,MATCH($A42,表單!$A$2:$A$301,0)),IFERROR(INDEX($M$2:$M$201,MATCH($A42,$L$2:$L$201,0)),""))) | C42: =IF($A42="","",IF(ISNUMBER(MATCH($A42,表單!$A$2:$A$301,0)),IF(TRIM(INDEX(表單!$D$2:$D$301,MATCH($A42,表單!$A$2:$A$301,0)))="","（分項工程層）",INDEX(表單!$D$2:$D$301,MATCH($A42,表單!$A$2:$A$301,0))),IFERROR(INDEX($N$2:$N$201,MATCH($A42,$L$2:$L$201,0)),""))) | D42: =IF($A42="","",IF(ISNUMBER(MATCH($A42,表單!$A$2:$A$301,0)),"線上表單",IFERROR(INDEX($O$2:$O$201,MATCH($A42,$L$2:$L$201,0)),""))) | E42: =IF($A42="","",IF(ISNUMBER(MATCH($A42,表單!$A$2:$A$301,0)),"本檔","系統")) | H42: =IF(AND(表單!$C42="自主檢查表",表單!$A42<>"",COUNTIF($L$2:$L$201,表單!$A42)=0),COUNT($H$1:H41)+1,"") | J42: =IF(41<=COUNTA($L$2:$L$201),INDEX($L$2:$L$201,41),IFERROR(INDEX(表單!$A$2:$A$301,MATCH(41-COUNTA($L$2:$L$201),$H$2:$H$301,0)),""))
A43: =IF($J43="","",$J43) | B43: =IF($A43="","",IF(ISNUMBER(MATCH($A43,表單!$A$2:$A$301,0)),INDEX(表單!$B$2:$B$301,MATCH($A43,表單!$A$2:$A$301,0)),IFERROR(INDEX($M$2:$M$201,MATCH($A43,$L$2:$L$201,0)),""))) | C43: =IF($A43="","",IF(ISNUMBER(MATCH($A43,表單!$A$2:$A$301,0)),IF(TRIM(INDEX(表單!$D$2:$D$301,MATCH($A43,表單!$A$2:$A$301,0)))="","（分項工程層）",INDEX(表單!$D$2:$D$301,MATCH($A43,表單!$A$2:$A$301,0))),IFERROR(INDEX($N$2:$N$201,MATCH($A43,$L$2:$L$201,0)),""))) | D43: =IF($A43="","",IF(ISNUMBER(MATCH($A43,表單!$A$2:$A$301,0)),"線上表單",IFERROR(INDEX($O$2:$O$201,MATCH($A43,$L$2:$L$201,0)),""))) | E43: =IF($A43="","",IF(ISNUMBER(MATCH($A43,表單!$A$2:$A$301,0)),"本檔","系統")) | H43: =IF(AND(表單!$C43="自主檢查表",表單!$A43<>"",COUNTIF($L$2:$L$201,表單!$A43)=0),COUNT($H$1:H42)+1,"") | J43: =IF(42<=COUNTA($L$2:$L$201),INDEX($L$2:$L$201,42),IFERROR(INDEX(表單!$A$2:$A$301,MATCH(42-COUNTA($L$2:$L$201),$H$2:$H$301,0)),""))
A44: =IF($J44="","",$J44) | B44: =IF($A44="","",IF(ISNUMBER(MATCH($A44,表單!$A$2:$A$301,0)),INDEX(表單!$B$2:$B$301,MATCH($A44,表單!$A$2:$A$301,0)),IFERROR(INDEX($M$2:$M$201,MATCH($A44,$L$2:$L$201,0)),""))) | C44: =IF($A44="","",IF(ISNUMBER(MATCH($A44,表單!$A$2:$A$301,0)),IF(TRIM(INDEX(表單!$D$2:$D$301,MATCH($A44,表單!$A$2:$A$301,0)))="","（分項工程層）",INDEX(表單!$D$2:$D$301,MATCH($A44,表單!$A$2:$A$301,0))),IFERROR(INDEX($N$2:$N$201,MATCH($A44,$L$2:$L$201,0)),""))) | D44: =IF($A44="","",IF(ISNUMBER(MATCH($A44,表單!$A$2:$A$301,0)),"線上表單",IFERROR(INDEX($O$2:$O$201,MATCH($A44,$L$2:$L$201,0)),""))) | E44: =IF($A44="","",IF(ISNUMBER(MATCH($A44,表單!$A$2:$A$301,0)),"本檔","系統")) | H44: =IF(AND(表單!$C44="自主檢查表",表單!$A44<>"",COUNTIF($L$2:$L$201,表單!$A44)=0),COUNT($H$1:H43)+1,"") | J44: =IF(43<=COUNTA($L$2:$L$201),INDEX($L$2:$L$201,43),IFERROR(INDEX(表單!$A$2:$A$301,MATCH(43-COUNTA($L$2:$L$201),$H$2:$H$301,0)),""))
A45: =IF($J45="","",$J45) | B45: =IF($A45="","",IF(ISNUMBER(MATCH($A45,表單!$A$2:$A$301,0)),INDEX(表單!$B$2:$B$301,MATCH($A45,表單!$A$2:$A$301,0)),IFERROR(INDEX($M$2:$M$201,MATCH($A45,$L$2:$L$201,0)),""))) | C45: =IF($A45="","",IF(ISNUMBER(MATCH($A45,表單!$A$2:$A$301,0)),IF(TRIM(INDEX(表單!$D$2:$D$301,MATCH($A45,表單!$A$2:$A$301,0)))="","（分項工程層）",INDEX(表單!$D$2:$D$301,MATCH($A45,表單!$A$2:$A$301,0))),IFERROR(INDEX($N$2:$N$201,MATCH($A45,$L$2:$L$201,0)),""))) | D45: =IF($A45="","",IF(ISNUMBER(MATCH($A45,表單!$A$2:$A$301,0)),"線上表單",IFERROR(INDEX($O$2:$O$201,MATCH($A45,$L$2:$L$201,0)),""))) | E45: =IF($A45="","",IF(ISNUMBER(MATCH($A45,表單!$A$2:$A$301,0)),"本檔","系統")) | H45: =IF(AND(表單!$C45="自主檢查表",表單!$A45<>"",COUNTIF($L$2:$L$201,表單!$A45)=0),COUNT($H$1:H44)+1,"") | J45: =IF(44<=COUNTA($L$2:$L$201),INDEX($L$2:$L$201,44),IFERROR(INDEX(表單!$A$2:$A$301,MATCH(44-COUNTA($L$2:$L$201),$H$2:$H$301,0)),""))
A46: =IF($J46="","",$J46) | B46: =IF($A46="","",IF(ISNUMBER(MATCH($A46,表單!$A$2:$A$301,0)),INDEX(表單!$B$2:$B$301,MATCH($A46,表單!$A$2:$A$301,0)),IFERROR(INDEX($M$2:$M$201,MATCH($A46,$L$2:$L$201,0)),""))) | C46: =IF($A46="","",IF(ISNUMBER(MATCH($A46,表單!$A$2:$A$301,0)),IF(TRIM(INDEX(表單!$D$2:$D$301,MATCH($A46,表單!$A$2:$A$301,0)))="","（分項工程層）",INDEX(表單!$D$2:$D$301,MATCH($A46,表單!$A$2:$A$301,0))),IFERROR(INDEX($N$2:$N$201,MATCH($A46,$L$2:$L$201,0)),""))) | D46: =IF($A46="","",IF(ISNUMBER(MATCH($A46,表單!$A$2:$A$301,0)),"線上表單",IFERROR(INDEX($O$2:$O$201,MATCH($A46,$L$2:$L$201,0)),""))) | E46: =IF($A46="","",IF(ISNUMBER(MATCH($A46,表單!$A$2:$A$301,0)),"本檔","系統")) | H46: =IF(AND(表單!$C46="自主檢查表",表單!$A46<>"",COUNTIF($L$2:$L$201,表單!$A46)=0),COUNT($H$1:H45)+1,"") | J46: =IF(45<=COUNTA($L$2:$L$201),INDEX($L$2:$L$201,45),IFERROR(INDEX(表單!$A$2:$A$301,MATCH(45-COUNTA($L$2:$L$201),$H$2:$H$301,0)),""))
A47: =IF($J47="","",$J47) | B47: =IF($A47="","",IF(ISNUMBER(MATCH($A47,表單!$A$2:$A$301,0)),INDEX(表單!$B$2:$B$301,MATCH($A47,表單!$A$2:$A$301,0)),IFERROR(INDEX($M$2:$M$201,MATCH($A47,$L$2:$L$201,0)),""))) | C47: =IF($A47="","",IF(ISNUMBER(MATCH($A47,表單!$A$2:$A$301,0)),IF(TRIM(INDEX(表單!$D$2:$D$301,MATCH($A47,表單!$A$2:$A$301,0)))="","（分項工程層）",INDEX(表單!$D$2:$D$301,MATCH($A47,表單!$A$2:$A$301,0))),IFERROR(INDEX($N$2:$N$201,MATCH($A47,$L$2:$L$201,0)),""))) | D47: =IF($A47="","",IF(ISNUMBER(MATCH($A47,表單!$A$2:$A$301,0)),"線上表單",IFERROR(INDEX($O$2:$O$201,MATCH($A47,$L$2:$L$201,0)),""))) | E47: =IF($A47="","",IF(ISNUMBER(MATCH($A47,表單!$A$2:$A$301,0)),"本檔","系統")) | H47: =IF(AND(表單!$C47="自主檢查表",表單!$A47<>"",COUNTIF($L$2:$L$201,表單!$A47)=0),COUNT($H$1:H46)+1,"") | J47: =IF(46<=COUNTA($L$2:$L$201),INDEX($L$2:$L$201,46),IFERROR(INDEX(表單!$A$2:$A$301,MATCH(46-COUNTA($L$2:$L$201),$H$2:$H$301,0)),""))
A48: =IF($J48="","",$J48) | B48: =IF($A48="","",IF(ISNUMBER(MATCH($A48,表單!$A$2:$A$301,0)),INDEX(表單!$B$2:$B$301,MATCH($A48,表單!$A$2:$A$301,0)),IFERROR(INDEX($M$2:$M$201,MATCH($A48,$L$2:$L$201,0)),""))) | C48: =IF($A48="","",IF(ISNUMBER(MATCH($A48,表單!$A$2:$A$301,0)),IF(TRIM(INDEX(表單!$D$2:$D$301,MATCH($A48,表單!$A$2:$A$301,0)))="","（分項工程層）",INDEX(表單!$D$2:$D$301,MATCH($A48,表單!$A$2:$A$301,0))),IFERROR(INDEX($N$2:$N$201,MATCH($A48,$L$2:$L$201,0)),""))) | D48: =IF($A48="","",IF(ISNUMBER(MATCH($A48,表單!$A$2:$A$301,0)),"線上表單",IFERROR(INDEX($O$2:$O$201,MATCH($A48,$L$2:$L$201,0)),""))) | E48: =IF($A48="","",IF(ISNUMBER(MATCH($A48,表單!$A$2:$A$301,0)),"本檔","系統")) | H48: =IF(AND(表單!$C48="自主檢查表",表單!$A48<>"",COUNTIF($L$2:$L$201,表單!$A48)=0),COUNT($H$1:H47)+1,"") | J48: =IF(47<=COUNTA($L$2:$L$201),INDEX($L$2:$L$201,47),IFERROR(INDEX(表單!$A$2:$A$301,MATCH(47-COUNTA($L$2:$L$201),$H$2:$H$301,0)),""))
A49: =IF($J49="","",$J49) | B49: =IF($A49="","",IF(ISNUMBER(MATCH($A49,表單!$A$2:$A$301,0)),INDEX(表單!$B$2:$B$301,MATCH($A49,表單!$A$2:$A$301,0)),IFERROR(INDEX($M$2:$M$201,MATCH($A49,$L$2:$L$201,0)),""))) | C49: =IF($A49="","",IF(ISNUMBER(MATCH($A49,表單!$A$2:$A$301,0)),IF(TRIM(INDEX(表單!$D$2:$D$301,MATCH($A49,表單!$A$2:$A$301,0)))="","（分項工程層）",INDEX(表單!$D$2:$D$301,MATCH($A49,表單!$A$2:$A$301,0))),IFERROR(INDEX($N$2:$N$201,MATCH($A49,$L$2:$L$201,0)),""))) | D49: =IF($A49="","",IF(ISNUMBER(MATCH($A49,表單!$A$2:$A$301,0)),"線上表單",IFERROR(INDEX($O$2:$O$201,MATCH($A49,$L$2:$L$201,0)),""))) | E49: =IF($A49="","",IF(ISNUMBER(MATCH($A49,表單!$A$2:$A$301,0)),"本檔","系統")) | H49: =IF(AND(表單!$C49="自主檢查表",表單!$A49<>"",COUNTIF($L$2:$L$201,表單!$A49)=0),COUNT($H$1:H48)+1,"") | J49: =IF(48<=COUNTA($L$2:$L$201),INDEX($L$2:$L$201,48),IFERROR(INDEX(表單!$A$2:$A$301,MATCH(48-COUNTA($L$2:$L$201),$H$2:$H$301,0)),""))
A50: =IF($J50="","",$J50) | B50: =IF($A50="","",IF(ISNUMBER(MATCH($A50,表單!$A$2:$A$301,0)),INDEX(表單!$B$2:$B$301,MATCH($A50,表單!$A$2:$A$301,0)),IFERROR(INDEX($M$2:$M$201,MATCH($A50,$L$2:$L$201,0)),""))) | C50: =IF($A50="","",IF(ISNUMBER(MATCH($A50,表單!$A$2:$A$301,0)),IF(TRIM(INDEX(表單!$D$2:$D$301,MATCH($A50,表單!$A$2:$A$301,0)))="","（分項工程層）",INDEX(表單!$D$2:$D$301,MATCH($A50,表單!$A$2:$A$301,0))),IFERROR(INDEX($N$2:$N$201,MATCH($A50,$L$2:$L$201,0)),""))) | D50: =IF($A50="","",IF(ISNUMBER(MATCH($A50,表單!$A$2:$A$301,0)),"線上表單",IFERROR(INDEX($O$2:$O$201,MATCH($A50,$L$2:$L$201,0)),""))) | E50: =IF($A50="","",IF(ISNUMBER(MATCH($A50,表單!$A$2:$A$301,0)),"本檔","系統")) | H50: =IF(AND(表單!$C50="自主檢查表",表單!$A50<>"",COUNTIF($L$2:$L$201,表單!$A50)=0),COUNT($H$1:H49)+1,"") | J50: =IF(49<=COUNTA($L$2:$L$201),INDEX($L$2:$L$201,49),IFERROR(INDEX(表單!$A$2:$A$301,MATCH(49-COUNTA($L$2:$L$201),$H$2:$H$301,0)),""))
A51: =IF($J51="","",$J51) | B51: =IF($A51="","",IF(ISNUMBER(MATCH($A51,表單!$A$2:$A$301,0)),INDEX(表單!$B$2:$B$301,MATCH($A51,表單!$A$2:$A$301,0)),IFERROR(INDEX($M$2:$M$201,MATCH($A51,$L$2:$L$201,0)),""))) | C51: =IF($A51="","",IF(ISNUMBER(MATCH($A51,表單!$A$2:$A$301,0)),IF(TRIM(INDEX(表單!$D$2:$D$301,MATCH($A51,表單!$A$2:$A$301,0)))="","（分項工程層）",INDEX(表單!$D$2:$D$301,MATCH($A51,表單!$A$2:$A$301,0))),IFERROR(INDEX($N$2:$N$201,MATCH($A51,$L$2:$L$201,0)),""))) | D51: =IF($A51="","",IF(ISNUMBER(MATCH($A51,表單!$A$2:$A$301,0)),"線上表單",IFERROR(INDEX($O$2:$O$201,MATCH($A51,$L$2:$L$201,0)),""))) | E51: =IF($A51="","",IF(ISNUMBER(MATCH($A51,表單!$A$2:$A$301,0)),"本檔","系統")) | H51: =IF(AND(表單!$C51="自主檢查表",表單!$A51<>"",COUNTIF($L$2:$L$201,表單!$A51)=0),COUNT($H$1:H50)+1,"") | J51: =IF(50<=COUNTA($L$2:$L$201),INDEX($L$2:$L$201,50),IFERROR(INDEX(表單!$A$2:$A$301,MATCH(50-COUNTA($L$2:$L$201),$H$2:$H$301,0)),""))
A52: =IF($J52="","",$J52) | B52: =IF($A52="","",IF(ISNUMBER(MATCH($A52,表單!$A$2:$A$301,0)),INDEX(表單!$B$2:$B$301,MATCH($A52,表單!$A$2:$A$301,0)),IFERROR(INDEX($M$2:$M$201,MATCH($A52,$L$2:$L$201,0)),""))) | C52: =IF($A52="","",IF(ISNUMBER(MATCH($A52,表單!$A$2:$A$301,0)),IF(TRIM(INDEX(表單!$D$2:$D$301,MATCH($A52,表單!$A$2:$A$301,0)))="","（分項工程層）",INDEX(表單!$D$2:$D$301,MATCH($A52,表單!$A$2:$A$301,0))),IFERROR(INDEX($N$2:$N$201,MATCH($A52,$L$2:$L$201,0)),""))) | D52: =IF($A52="","",IF(ISNUMBER(MATCH($A52,表單!$A$2:$A$301,0)),"線上表單",IFERROR(INDEX($O$2:$O$201,MATCH($A52,$L$2:$L$201,0)),""))) | E52: =IF($A52="","",IF(ISNUMBER(MATCH($A52,表單!$A$2:$A$301,0)),"本檔","系統")) | H52: =IF(AND(表單!$C52="自主檢查表",表單!$A52<>"",COUNTIF($L$2:$L$201,表單!$A52)=0),COUNT($H$1:H51)+1,"") | J52: =IF(51<=COUNTA($L$2:$L$201),INDEX($L$2:$L$201,51),IFERROR(INDEX(表單!$A$2:$A$301,MATCH(51-COUNTA($L$2:$L$201),$H$2:$H$301,0)),""))
A53: =IF($J53="","",$J53) | B53: =IF($A53="","",IF(ISNUMBER(MATCH($A53,表單!$A$2:$A$301,0)),INDEX(表單!$B$2:$B$301,MATCH($A53,表單!$A$2:$A$301,0)),IFERROR(INDEX($M$2:$M$201,MATCH($A53,$L$2:$L$201,0)),""))) | C53: =IF($A53="","",IF(ISNUMBER(MATCH($A53,表單!$A$2:$A$301,0)),IF(TRIM(INDEX(表單!$D$2:$D$301,MATCH($A53,表單!$A$2:$A$301,0)))="","（分項工程層）",INDEX(表單!$D$2:$D$301,MATCH($A53,表單!$A$2:$A$301,0))),IFERROR(INDEX($N$2:$N$201,MATCH($A53,$L$2:$L$201,0)),""))) | D53: =IF($A53="","",IF(ISNUMBER(MATCH($A53,表單!$A$2:$A$301,0)),"線上表單",IFERROR(INDEX($O$2:$O$201,MATCH($A53,$L$2:$L$201,0)),""))) | E53: =IF($A53="","",IF(ISNUMBER(MATCH($A53,表單!$A$2:$A$301,0)),"本檔","系統")) | H53: =IF(AND(表單!$C53="自主檢查表",表單!$A53<>"",COUNTIF($L$2:$L$201,表單!$A53)=0),COUNT($H$1:H52)+1,"") | J53: =IF(52<=COUNTA($L$2:$L$201),INDEX($L$2:$L$201,52),IFERROR(INDEX(表單!$A$2:$A$301,MATCH(52-COUNTA($L$2:$L$201),$H$2:$H$301,0)),""))
A54: =IF($J54="","",$J54) | B54: =IF($A54="","",IF(ISNUMBER(MATCH($A54,表單!$A$2:$A$301,0)),INDEX(表單!$B$2:$B$301,MATCH($A54,表單!$A$2:$A$301,0)),IFERROR(INDEX($M$2:$M$201,MATCH($A54,$L$2:$L$201,0)),""))) | C54: =IF($A54="","",IF(ISNUMBER(MATCH($A54,表單!$A$2:$A$301,0)),IF(TRIM(INDEX(表單!$D$2:$D$301,MATCH($A54,表單!$A$2:$A$301,0)))="","（分項工程層）",INDEX(表單!$D$2:$D$301,MATCH($A54,表單!$A$2:$A$301,0))),IFERROR(INDEX($N$2:$N$201,MATCH($A54,$L$2:$L$201,0)),""))) | D54: =IF($A54="","",IF(ISNUMBER(MATCH($A54,表單!$A$2:$A$301,0)),"線上表單",IFERROR(INDEX($O$2:$O$201,MATCH($A54,$L$2:$L$201,0)),""))) | E54: =IF($A54="","",IF(ISNUMBER(MATCH($A54,表單!$A$2:$A$301,0)),"本檔","系統")) | H54: =IF(AND(表單!$C54="自主檢查表",表單!$A54<>"",COUNTIF($L$2:$L$201,表單!$A54)=0),COUNT($H$1:H53)+1,"") | J54: =IF(53<=COUNTA($L$2:$L$201),INDEX($L$2:$L$201,53),IFERROR(INDEX(表單!$A$2:$A$301,MATCH(53-COUNTA($L$2:$L$201),$H$2:$H$301,0)),""))
A55: =IF($J55="","",$J55) | B55: =IF($A55="","",IF(ISNUMBER(MATCH($A55,表單!$A$2:$A$301,0)),INDEX(表單!$B$2:$B$301,MATCH($A55,表單!$A$2:$A$301,0)),IFERROR(INDEX($M$2:$M$201,MATCH($A55,$L$2:$L$201,0)),""))) | C55: =IF($A55="","",IF(ISNUMBER(MATCH($A55,表單!$A$2:$A$301,0)),IF(TRIM(INDEX(表單!$D$2:$D$301,MATCH($A55,表單!$A$2:$A$301,0)))="","（分項工程層）",INDEX(表單!$D$2:$D$301,MATCH($A55,表單!$A$2:$A$301,0))),IFERROR(INDEX($N$2:$N$201,MATCH($A55,$L$2:$L$201,0)),""))) | D55: =IF($A55="","",IF(ISNUMBER(MATCH($A55,表單!$A$2:$A$301,0)),"線上表單",IFERROR(INDEX($O$2:$O$201,MATCH($A55,$L$2:$L$201,0)),""))) | E55: =IF($A55="","",IF(ISNUMBER(MATCH($A55,表單!$A$2:$A$301,0)),"本檔","系統")) | H55: =IF(AND(表單!$C55="自主檢查表",表單!$A55<>"",COUNTIF($L$2:$L$201,表單!$A55)=0),COUNT($H$1:H54)+1,"") | J55: =IF(54<=COUNTA($L$2:$L$201),INDEX($L$2:$L$201,54),IFERROR(INDEX(表單!$A$2:$A$301,MATCH(54-COUNTA($L$2:$L$201),$H$2:$H$301,0)),""))
A56: =IF($J56="","",$J56) | B56: =IF($A56="","",IF(ISNUMBER(MATCH($A56,表單!$A$2:$A$301,0)),INDEX(表單!$B$2:$B$301,MATCH($A56,表單!$A$2:$A$301,0)),IFERROR(INDEX($M$2:$M$201,MATCH($A56,$L$2:$L$201,0)),""))) | C56: =IF($A56="","",IF(ISNUMBER(MATCH($A56,表單!$A$2:$A$301,0)),IF(TRIM(INDEX(表單!$D$2:$D$301,MATCH($A56,表單!$A$2:$A$301,0)))="","（分項工程層）",INDEX(表單!$D$2:$D$301,MATCH($A56,表單!$A$2:$A$301,0))),IFERROR(INDEX($N$2:$N$201,MATCH($A56,$L$2:$L$201,0)),""))) | D56: =IF($A56="","",IF(ISNUMBER(MATCH($A56,表單!$A$2:$A$301,0)),"線上表單",IFERROR(INDEX($O$2:$O$201,MATCH($A56,$L$2:$L$201,0)),""))) | E56: =IF($A56="","",IF(ISNUMBER(MATCH($A56,表單!$A$2:$A$301,0)),"本檔","系統")) | H56: =IF(AND(表單!$C56="自主檢查表",表單!$A56<>"",COUNTIF($L$2:$L$201,表單!$A56)=0),COUNT($H$1:H55)+1,"") | J56: =IF(55<=COUNTA($L$2:$L$201),INDEX($L$2:$L$201,55),IFERROR(INDEX(表單!$A$2:$A$301,MATCH(55-COUNTA($L$2:$L$201),$H$2:$H$301,0)),""))
A57: =IF($J57="","",$J57) | B57: =IF($A57="","",IF(ISNUMBER(MATCH($A57,表單!$A$2:$A$301,0)),INDEX(表單!$B$2:$B$301,MATCH($A57,表單!$A$2:$A$301,0)),IFERROR(INDEX($M$2:$M$201,MATCH($A57,$L$2:$L$201,0)),""))) | C57: =IF($A57="","",IF(ISNUMBER(MATCH($A57,表單!$A$2:$A$301,0)),IF(TRIM(INDEX(表單!$D$2:$D$301,MATCH($A57,表單!$A$2:$A$301,0)))="","（分項工程層）",INDEX(表單!$D$2:$D$301,MATCH($A57,表單!$A$2:$A$301,0))),IFERROR(INDEX($N$2:$N$201,MATCH($A57,$L$2:$L$201,0)),""))) | D57: =IF($A57="","",IF(ISNUMBER(MATCH($A57,表單!$A$2:$A$301,0)),"線上表單",IFERROR(INDEX($O$2:$O$201,MATCH($A57,$L$2:$L$201,0)),""))) | E57: =IF($A57="","",IF(ISNUMBER(MATCH($A57,表單!$A$2:$A$301,0)),"本檔","系統")) | H57: =IF(AND(表單!$C57="自主檢查表",表單!$A57<>"",COUNTIF($L$2:$L$201,表單!$A57)=0),COUNT($H$1:H56)+1,"") | J57: =IF(56<=COUNTA($L$2:$L$201),INDEX($L$2:$L$201,56),IFERROR(INDEX(表單!$A$2:$A$301,MATCH(56-COUNTA($L$2:$L$201),$H$2:$H$301,0)),""))
A58: =IF($J58="","",$J58) | B58: =IF($A58="","",IF(ISNUMBER(MATCH($A58,表單!$A$2:$A$301,0)),INDEX(表單!$B$2:$B$301,MATCH($A58,表單!$A$2:$A$301,0)),IFERROR(INDEX($M$2:$M$201,MATCH($A58,$L$2:$L$201,0)),""))) | C58: =IF($A58="","",IF(ISNUMBER(MATCH($A58,表單!$A$2:$A$301,0)),IF(TRIM(INDEX(表單!$D$2:$D$301,MATCH($A58,表單!$A$2:$A$301,0)))="","（分項工程層）",INDEX(表單!$D$2:$D$301,MATCH($A58,表單!$A$2:$A$301,0))),IFERROR(INDEX($N$2:$N$201,MATCH($A58,$L$2:$L$201,0)),""))) | D58: =IF($A58="","",IF(ISNUMBER(MATCH($A58,表單!$A$2:$A$301,0)),"線上表單",IFERROR(INDEX($O$2:$O$201,MATCH($A58,$L$2:$L$201,0)),""))) | E58: =IF($A58="","",IF(ISNUMBER(MATCH($A58,表單!$A$2:$A$301,0)),"本檔","系統")) | H58: =IF(AND(表單!$C58="自主檢查表",表單!$A58<>"",COUNTIF($L$2:$L$201,表單!$A58)=0),COUNT($H$1:H57)+1,"") | J58: =IF(57<=COUNTA($L$2:$L$201),INDEX($L$2:$L$201,57),IFERROR(INDEX(表單!$A$2:$A$301,MATCH(57-COUNTA($L$2:$L$201),$H$2:$H$301,0)),""))
A59: =IF($J59="","",$J59) | B59: =IF($A59="","",IF(ISNUMBER(MATCH($A59,表單!$A$2:$A$301,0)),INDEX(表單!$B$2:$B$301,MATCH($A59,表單!$A$2:$A$301,0)),IFERROR(INDEX($M$2:$M$201,MATCH($A59,$L$2:$L$201,0)),""))) | C59: =IF($A59="","",IF(ISNUMBER(MATCH($A59,表單!$A$2:$A$301,0)),IF(TRIM(INDEX(表單!$D$2:$D$301,MATCH($A59,表單!$A$2:$A$301,0)))="","（分項工程層）",INDEX(表單!$D$2:$D$301,MATCH($A59,表單!$A$2:$A$301,0))),IFERROR(INDEX($N$2:$N$201,MATCH($A59,$L$2:$L$201,0)),""))) | D59: =IF($A59="","",IF(ISNUMBER(MATCH($A59,表單!$A$2:$A$301,0)),"線上表單",IFERROR(INDEX($O$2:$O$201,MATCH($A59,$L$2:$L$201,0)),""))) | E59: =IF($A59="","",IF(ISNUMBER(MATCH($A59,表單!$A$2:$A$301,0)),"本檔","系統")) | H59: =IF(AND(表單!$C59="自主檢查表",表單!$A59<>"",COUNTIF($L$2:$L$201,表單!$A59)=0),COUNT($H$1:H58)+1,"") | J59: =IF(58<=COUNTA($L$2:$L$201),INDEX($L$2:$L$201,58),IFERROR(INDEX(表單!$A$2:$A$301,MATCH(58-COUNTA($L$2:$L$201),$H$2:$H$301,0)),""))
A60: =IF($J60="","",$J60) | B60: =IF($A60="","",IF(ISNUMBER(MATCH($A60,表單!$A$2:$A$301,0)),INDEX(表單!$B$2:$B$301,MATCH($A60,表單!$A$2:$A$301,0)),IFERROR(INDEX($M$2:$M$201,MATCH($A60,$L$2:$L$201,0)),""))) | C60: =IF($A60="","",IF(ISNUMBER(MATCH($A60,表單!$A$2:$A$301,0)),IF(TRIM(INDEX(表單!$D$2:$D$301,MATCH($A60,表單!$A$2:$A$301,0)))="","（分項工程層）",INDEX(表單!$D$2:$D$301,MATCH($A60,表單!$A$2:$A$301,0))),IFERROR(INDEX($N$2:$N$201,MATCH($A60,$L$2:$L$201,0)),""))) | D60: =IF($A60="","",IF(ISNUMBER(MATCH($A60,表單!$A$2:$A$301,0)),"線上表單",IFERROR(INDEX($O$2:$O$201,MATCH($A60,$L$2:$L$201,0)),""))) | E60: =IF($A60="","",IF(ISNUMBER(MATCH($A60,表單!$A$2:$A$301,0)),"本檔","系統")) | H60: =IF(AND(表單!$C60="自主檢查表",表單!$A60<>"",COUNTIF($L$2:$L$201,表單!$A60)=0),COUNT($H$1:H59)+1,"") | J60: =IF(59<=COUNTA($L$2:$L$201),INDEX($L$2:$L$201,59),IFERROR(INDEX(表單!$A$2:$A$301,MATCH(59-COUNTA($L$2:$L$201),$H$2:$H$301,0)),""))
A61: =IF($J61="","",$J61) | B61: =IF($A61="","",IF(ISNUMBER(MATCH($A61,表單!$A$2:$A$301,0)),INDEX(表單!$B$2:$B$301,MATCH($A61,表單!$A$2:$A$301,0)),IFERROR(INDEX($M$2:$M$201,MATCH($A61,$L$2:$L$201,0)),""))) | C61: =IF($A61="","",IF(ISNUMBER(MATCH($A61,表單!$A$2:$A$301,0)),IF(TRIM(INDEX(表單!$D$2:$D$301,MATCH($A61,表單!$A$2:$A$301,0)))="","（分項工程層）",INDEX(表單!$D$2:$D$301,MATCH($A61,表單!$A$2:$A$301,0))),IFERROR(INDEX($N$2:$N$201,MATCH($A61,$L$2:$L$201,0)),""))) | D61: =IF($A61="","",IF(ISNUMBER(MATCH($A61,表單!$A$2:$A$301,0)),"線上表單",IFERROR(INDEX($O$2:$O$201,MATCH($A61,$L$2:$L$201,0)),""))) | E61: =IF($A61="","",IF(ISNUMBER(MATCH($A61,表單!$A$2:$A$301,0)),"本檔","系統")) | H61: =IF(AND(表單!$C61="自主檢查表",表單!$A61<>"",COUNTIF($L$2:$L$201,表單!$A61)=0),COUNT($H$1:H60)+1,"") | J61: =IF(60<=COUNTA($L$2:$L$201),INDEX($L$2:$L$201,60),IFERROR(INDEX(表單!$A$2:$A$301,MATCH(60-COUNTA($L$2:$L$201),$H$2:$H$301,0)),""))
A62: =IF($J62="","",$J62) | B62: =IF($A62="","",IF(ISNUMBER(MATCH($A62,表單!$A$2:$A$301,0)),INDEX(表單!$B$2:$B$301,MATCH($A62,表單!$A$2:$A$301,0)),IFERROR(INDEX($M$2:$M$201,MATCH($A62,$L$2:$L$201,0)),""))) | C62: =IF($A62="","",IF(ISNUMBER(MATCH($A62,表單!$A$2:$A$301,0)),IF(TRIM(INDEX(表單!$D$2:$D$301,MATCH($A62,表單!$A$2:$A$301,0)))="","（分項工程層）",INDEX(表單!$D$2:$D$301,MATCH($A62,表單!$A$2:$A$301,0))),IFERROR(INDEX($N$2:$N$201,MATCH($A62,$L$2:$L$201,0)),""))) | D62: =IF($A62="","",IF(ISNUMBER(MATCH($A62,表單!$A$2:$A$301,0)),"線上表單",IFERROR(INDEX($O$2:$O$201,MATCH($A62,$L$2:$L$201,0)),""))) | E62: =IF($A62="","",IF(ISNUMBER(MATCH($A62,表單!$A$2:$A$301,0)),"本檔","系統")) | H62: =IF(AND(表單!$C62="自主檢查表",表單!$A62<>"",COUNTIF($L$2:$L$201,表單!$A62)=0),COUNT($H$1:H61)+1,"") | J62: =IF(61<=COUNTA($L$2:$L$201),INDEX($L$2:$L$201,61),IFERROR(INDEX(表單!$A$2:$A$301,MATCH(61-COUNTA($L$2:$L$201),$H$2:$H$301,0)),""))
A63: =IF($J63="","",$J63) | B63: =IF($A63="","",IF(ISNUMBER(MATCH($A63,表單!$A$2:$A$301,0)),INDEX(表單!$B$2:$B$301,MATCH($A63,表單!$A$2:$A$301,0)),IFERROR(INDEX($M$2:$M$201,MATCH($A63,$L$2:$L$201,0)),""))) | C63: =IF($A63="","",IF(ISNUMBER(MATCH($A63,表單!$A$2:$A$301,0)),IF(TRIM(INDEX(表單!$D$2:$D$301,MATCH($A63,表單!$A$2:$A$301,0)))="","（分項工程層）",INDEX(表單!$D$2:$D$301,MATCH($A63,表單!$A$2:$A$301,0))),IFERROR(INDEX($N$2:$N$201,MATCH($A63,$L$2:$L$201,0)),""))) | D63: =IF($A63="","",IF(ISNUMBER(MATCH($A63,表單!$A$2:$A$301,0)),"線上表單",IFERROR(INDEX($O$2:$O$201,MATCH($A63,$L$2:$L$201,0)),""))) | E63: =IF($A63="","",IF(ISNUMBER(MATCH($A63,表單!$A$2:$A$301,0)),"本檔","系統")) | H63: =IF(AND(表單!$C63="自主檢查表",表單!$A63<>"",COUNTIF($L$2:$L$201,表單!$A63)=0),COUNT($H$1:H62)+1,"") | J63: =IF(62<=COUNTA($L$2:$L$201),INDEX($L$2:$L$201,62),IFERROR(INDEX(表單!$A$2:$A$301,MATCH(62-COUNTA($L$2:$L$201),$H$2:$H$301,0)),""))
A64: =IF($J64="","",$J64) | B64: =IF($A64="","",IF(ISNUMBER(MATCH($A64,表單!$A$2:$A$301,0)),INDEX(表單!$B$2:$B$301,MATCH($A64,表單!$A$2:$A$301,0)),IFERROR(INDEX($M$2:$M$201,MATCH($A64,$L$2:$L$201,0)),""))) | C64: =IF($A64="","",IF(ISNUMBER(MATCH($A64,表單!$A$2:$A$301,0)),IF(TRIM(INDEX(表單!$D$2:$D$301,MATCH($A64,表單!$A$2:$A$301,0)))="","（分項工程層）",INDEX(表單!$D$2:$D$301,MATCH($A64,表單!$A$2:$A$301,0))),IFERROR(INDEX($N$2:$N$201,MATCH($A64,$L$2:$L$201,0)),""))) | D64: =IF($A64="","",IF(ISNUMBER(MATCH($A64,表單!$A$2:$A$301,0)),"線上表單",IFERROR(INDEX($O$2:$O$201,MATCH($A64,$L$2:$L$201,0)),""))) | E64: =IF($A64="","",IF(ISNUMBER(MATCH($A64,表單!$A$2:$A$301,0)),"本檔","系統")) | H64: =IF(AND(表單!$C64="自主檢查表",表單!$A64<>"",COUNTIF($L$2:$L$201,表單!$A64)=0),COUNT($H$1:H63)+1,"") | J64: =IF(63<=COUNTA($L$2:$L$201),INDEX($L$2:$L$201,63),IFERROR(INDEX(表單!$A$2:$A$301,MATCH(63-COUNTA($L$2:$L$201),$H$2:$H$301,0)),""))
A65: =IF($J65="","",$J65) | B65: =IF($A65="","",IF(ISNUMBER(MATCH($A65,表單!$A$2:$A$301,0)),INDEX(表單!$B$2:$B$301,MATCH($A65,表單!$A$2:$A$301,0)),IFERROR(INDEX($M$2:$M$201,MATCH($A65,$L$2:$L$201,0)),""))) | C65: =IF($A65="","",IF(ISNUMBER(MATCH($A65,表單!$A$2:$A$301,0)),IF(TRIM(INDEX(表單!$D$2:$D$301,MATCH($A65,表單!$A$2:$A$301,0)))="","（分項工程層）",INDEX(表單!$D$2:$D$301,MATCH($A65,表單!$A$2:$A$301,0))),IFERROR(INDEX($N$2:$N$201,MATCH($A65,$L$2:$L$201,0)),""))) | D65: =IF($A65="","",IF(ISNUMBER(MATCH($A65,表單!$A$2:$A$301,0)),"線上表單",IFERROR(INDEX($O$2:$O$201,MATCH($A65,$L$2:$L$201,0)),""))) | E65: =IF($A65="","",IF(ISNUMBER(MATCH($A65,表單!$A$2:$A$301,0)),"本檔","系統")) | H65: =IF(AND(表單!$C65="自主檢查表",表單!$A65<>"",COUNTIF($L$2:$L$201,表單!$A65)=0),COUNT($H$1:H64)+1,"") | J65: =IF(64<=COUNTA($L$2:$L$201),INDEX($L$2:$L$201,64),IFERROR(INDEX(表單!$A$2:$A$301,MATCH(64-COUNTA($L$2:$L$201),$H$2:$H$301,0)),""))
A66: =IF($J66="","",$J66) | B66: =IF($A66="","",IF(ISNUMBER(MATCH($A66,表單!$A$2:$A$301,0)),INDEX(表單!$B$2:$B$301,MATCH($A66,表單!$A$2:$A$301,0)),IFERROR(INDEX($M$2:$M$201,MATCH($A66,$L$2:$L$201,0)),""))) | C66: =IF($A66="","",IF(ISNUMBER(MATCH($A66,表單!$A$2:$A$301,0)),IF(TRIM(INDEX(表單!$D$2:$D$301,MATCH($A66,表單!$A$2:$A$301,0)))="","（分項工程層）",INDEX(表單!$D$2:$D$301,MATCH($A66,表單!$A$2:$A$301,0))),IFERROR(INDEX($N$2:$N$201,MATCH($A66,$L$2:$L$201,0)),""))) | D66: =IF($A66="","",IF(ISNUMBER(MATCH($A66,表單!$A$2:$A$301,0)),"線上表單",IFERROR(INDEX($O$2:$O$201,MATCH($A66,$L$2:$L$201,0)),""))) | E66: =IF($A66="","",IF(ISNUMBER(MATCH($A66,表單!$A$2:$A$301,0)),"本檔","系統")) | H66: =IF(AND(表單!$C66="自主檢查表",表單!$A66<>"",COUNTIF($L$2:$L$201,表單!$A66)=0),COUNT($H$1:H65)+1,"") | J66: =IF(65<=COUNTA($L$2:$L$201),INDEX($L$2:$L$201,65),IFERROR(INDEX(表單!$A$2:$A$301,MATCH(65-COUNTA($L$2:$L$201),$H$2:$H$301,0)),""))
A67: =IF($J67="","",$J67) | B67: =IF($A67="","",IF(ISNUMBER(MATCH($A67,表單!$A$2:$A$301,0)),INDEX(表單!$B$2:$B$301,MATCH($A67,表單!$A$2:$A$301,0)),IFERROR(INDEX($M$2:$M$201,MATCH($A67,$L$2:$L$201,0)),""))) | C67: =IF($A67="","",IF(ISNUMBER(MATCH($A67,表單!$A$2:$A$301,0)),IF(TRIM(INDEX(表單!$D$2:$D$301,MATCH($A67,表單!$A$2:$A$301,0)))="","（分項工程層）",INDEX(表單!$D$2:$D$301,MATCH($A67,表單!$A$2:$A$301,0))),IFERROR(INDEX($N$2:$N$201,MATCH($A67,$L$2:$L$201,0)),""))) | D67: =IF($A67="","",IF(ISNUMBER(MATCH($A67,表單!$A$2:$A$301,0)),"線上表單",IFERROR(INDEX($O$2:$O$201,MATCH($A67,$L$2:$L$201,0)),""))) | E67: =IF($A67="","",IF(ISNUMBER(MATCH($A67,表單!$A$2:$A$301,0)),"本檔","系統")) | H67: =IF(AND(表單!$C67="自主檢查表",表單!$A67<>"",COUNTIF($L$2:$L$201,表單!$A67)=0),COUNT($H$1:H66)+1,"") | J67: =IF(66<=COUNTA($L$2:$L$201),INDEX($L$2:$L$201,66),IFERROR(INDEX(表單!$A$2:$A$301,MATCH(66-COUNTA($L$2:$L$201),$H$2:$H$301,0)),""))
A68: =IF($J68="","",$J68) | B68: =IF($A68="","",IF(ISNUMBER(MATCH($A68,表單!$A$2:$A$301,0)),INDEX(表單!$B$2:$B$301,MATCH($A68,表單!$A$2:$A$301,0)),IFERROR(INDEX($M$2:$M$201,MATCH($A68,$L$2:$L$201,0)),""))) | C68: =IF($A68="","",IF(ISNUMBER(MATCH($A68,表單!$A$2:$A$301,0)),IF(TRIM(INDEX(表單!$D$2:$D$301,MATCH($A68,表單!$A$2:$A$301,0)))="","（分項工程層）",INDEX(表單!$D$2:$D$301,MATCH($A68,表單!$A$2:$A$301,0))),IFERROR(INDEX($N$2:$N$201,MATCH($A68,$L$2:$L$201,0)),""))) | D68: =IF($A68="","",IF(ISNUMBER(MATCH($A68,表單!$A$2:$A$301,0)),"線上表單",IFERROR(INDEX($O$2:$O$201,MATCH($A68,$L$2:$L$201,0)),""))) | E68: =IF($A68="","",IF(ISNUMBER(MATCH($A68,表單!$A$2:$A$301,0)),"本檔","系統")) | H68: =IF(AND(表單!$C68="自主檢查表",表單!$A68<>"",COUNTIF($L$2:$L$201,表單!$A68)=0),COUNT($H$1:H67)+1,"") | J68: =IF(67<=COUNTA($L$2:$L$201),INDEX($L$2:$L$201,67),IFERROR(INDEX(表單!$A$2:$A$301,MATCH(67-COUNTA($L$2:$L$201),$H$2:$H$301,0)),""))
A69: =IF($J69="","",$J69) | B69: =IF($A69="","",IF(ISNUMBER(MATCH($A69,表單!$A$2:$A$301,0)),INDEX(表單!$B$2:$B$301,MATCH($A69,表單!$A$2:$A$301,0)),IFERROR(INDEX($M$2:$M$201,MATCH($A69,$L$2:$L$201,0)),""))) | C69: =IF($A69="","",IF(ISNUMBER(MATCH($A69,表單!$A$2:$A$301,0)),IF(TRIM(INDEX(表單!$D$2:$D$301,MATCH($A69,表單!$A$2:$A$301,0)))="","（分項工程層）",INDEX(表單!$D$2:$D$301,MATCH($A69,表單!$A$2:$A$301,0))),IFERROR(INDEX($N$2:$N$201,MATCH($A69,$L$2:$L$201,0)),""))) | D69: =IF($A69="","",IF(ISNUMBER(MATCH($A69,表單!$A$2:$A$301,0)),"線上表單",IFERROR(INDEX($O$2:$O$201,MATCH($A69,$L$2:$L$201,0)),""))) | E69: =IF($A69="","",IF(ISNUMBER(MATCH($A69,表單!$A$2:$A$301,0)),"本檔","系統")) | H69: =IF(AND(表單!$C69="自主檢查表",表單!$A69<>"",COUNTIF($L$2:$L$201,表單!$A69)=0),COUNT($H$1:H68)+1,"") | J69: =IF(68<=COUNTA($L$2:$L$201),INDEX($L$2:$L$201,68),IFERROR(INDEX(表單!$A$2:$A$301,MATCH(68-COUNTA($L$2:$L$201),$H$2:$H$301,0)),""))
A70: =IF($J70="","",$J70) | B70: =IF($A70="","",IF(ISNUMBER(MATCH($A70,表單!$A$2:$A$301,0)),INDEX(表單!$B$2:$B$301,MATCH($A70,表單!$A$2:$A$301,0)),IFERROR(INDEX($M$2:$M$201,MATCH($A70,$L$2:$L$201,0)),""))) | C70: =IF($A70="","",IF(ISNUMBER(MATCH($A70,表單!$A$2:$A$301,0)),IF(TRIM(INDEX(表單!$D$2:$D$301,MATCH($A70,表單!$A$2:$A$301,0)))="","（分項工程層）",INDEX(表單!$D$2:$D$301,MATCH($A70,表單!$A$2:$A$301,0))),IFERROR(INDEX($N$2:$N$201,MATCH($A70,$L$2:$L$201,0)),""))) | D70: =IF($A70="","",IF(ISNUMBER(MATCH($A70,表單!$A$2:$A$301,0)),"線上表單",IFERROR(INDEX($O$2:$O$201,MATCH($A70,$L$2:$L$201,0)),""))) | E70: =IF($A70="","",IF(ISNUMBER(MATCH($A70,表單!$A$2:$A$301,0)),"本檔","系統")) | H70: =IF(AND(表單!$C70="自主檢查表",表單!$A70<>"",COUNTIF($L$2:$L$201,表單!$A70)=0),COUNT($H$1:H69)+1,"") | J70: =IF(69<=COUNTA($L$2:$L$201),INDEX($L$2:$L$201,69),IFERROR(INDEX(表單!$A$2:$A$301,MATCH(69-COUNTA($L$2:$L$201),$H$2:$H$301,0)),""))
A71: =IF($J71="","",$J71) | B71: =IF($A71="","",IF(ISNUMBER(MATCH($A71,表單!$A$2:$A$301,0)),INDEX(表單!$B$2:$B$301,MATCH($A71,表單!$A$2:$A$301,0)),IFERROR(INDEX($M$2:$M$201,MATCH($A71,$L$2:$L$201,0)),""))) | C71: =IF($A71="","",IF(ISNUMBER(MATCH($A71,表單!$A$2:$A$301,0)),IF(TRIM(INDEX(表單!$D$2:$D$301,MATCH($A71,表單!$A$2:$A$301,0)))="","（分項工程層）",INDEX(表單!$D$2:$D$301,MATCH($A71,表單!$A$2:$A$301,0))),IFERROR(INDEX($N$2:$N$201,MATCH($A71,$L$2:$L$201,0)),""))) | D71: =IF($A71="","",IF(ISNUMBER(MATCH($A71,表單!$A$2:$A$301,0)),"線上表單",IFERROR(INDEX($O$2:$O$201,MATCH($A71,$L$2:$L$201,0)),""))) | E71: =IF($A71="","",IF(ISNUMBER(MATCH($A71,表單!$A$2:$A$301,0)),"本檔","系統")) | H71: =IF(AND(表單!$C71="自主檢查表",表單!$A71<>"",COUNTIF($L$2:$L$201,表單!$A71)=0),COUNT($H$1:H70)+1,"") | J71: =IF(70<=COUNTA($L$2:$L$201),INDEX($L$2:$L$201,70),IFERROR(INDEX(表單!$A$2:$A$301,MATCH(70-COUNTA($L$2:$L$201),$H$2:$H$301,0)),""))
A72: =IF($J72="","",$J72) | B72: =IF($A72="","",IF(ISNUMBER(MATCH($A72,表單!$A$2:$A$301,0)),INDEX(表單!$B$2:$B$301,MATCH($A72,表單!$A$2:$A$301,0)),IFERROR(INDEX($M$2:$M$201,MATCH($A72,$L$2:$L$201,0)),""))) | C72: =IF($A72="","",IF(ISNUMBER(MATCH($A72,表單!$A$2:$A$301,0)),IF(TRIM(INDEX(表單!$D$2:$D$301,MATCH($A72,表單!$A$2:$A$301,0)))="","（分項工程層）",INDEX(表單!$D$2:$D$301,MATCH($A72,表單!$A$2:$A$301,0))),IFERROR(INDEX($N$2:$N$201,MATCH($A72,$L$2:$L$201,0)),""))) | D72: =IF($A72="","",IF(ISNUMBER(MATCH($A72,表單!$A$2:$A$301,0)),"線上表單",IFERROR(INDEX($O$2:$O$201,MATCH($A72,$L$2:$L$201,0)),""))) | E72: =IF($A72="","",IF(ISNUMBER(MATCH($A72,表單!$A$2:$A$301,0)),"本檔","系統")) | H72: =IF(AND(表單!$C72="自主檢查表",表單!$A72<>"",COUNTIF($L$2:$L$201,表單!$A72)=0),COUNT($H$1:H71)+1,"") | J72: =IF(71<=COUNTA($L$2:$L$201),INDEX($L$2:$L$201,71),IFERROR(INDEX(表單!$A$2:$A$301,MATCH(71-COUNTA($L$2:$L$201),$H$2:$H$301,0)),""))
A73: =IF($J73="","",$J73) | B73: =IF($A73="","",IF(ISNUMBER(MATCH($A73,表單!$A$2:$A$301,0)),INDEX(表單!$B$2:$B$301,MATCH($A73,表單!$A$2:$A$301,0)),IFERROR(INDEX($M$2:$M$201,MATCH($A73,$L$2:$L$201,0)),""))) | C73: =IF($A73="","",IF(ISNUMBER(MATCH($A73,表單!$A$2:$A$301,0)),IF(TRIM(INDEX(表單!$D$2:$D$301,MATCH($A73,表單!$A$2:$A$301,0)))="","（分項工程層）",INDEX(表單!$D$2:$D$301,MATCH($A73,表單!$A$2:$A$301,0))),IFERROR(INDEX($N$2:$N$201,MATCH($A73,$L$2:$L$201,0)),""))) | D73: =IF($A73="","",IF(ISNUMBER(MATCH($A73,表單!$A$2:$A$301,0)),"線上表單",IFERROR(INDEX($O$2:$O$201,MATCH($A73,$L$2:$L$201,0)),""))) | E73: =IF($A73="","",IF(ISNUMBER(MATCH($A73,表單!$A$2:$A$301,0)),"本檔","系統")) | H73: =IF(AND(表單!$C73="自主檢查表",表單!$A73<>"",COUNTIF($L$2:$L$201,表單!$A73)=0),COUNT($H$1:H72)+1,"") | J73: =IF(72<=COUNTA($L$2:$L$201),INDEX($L$2:$L$201,72),IFERROR(INDEX(表單!$A$2:$A$301,MATCH(72-COUNTA($L$2:$L$201),$H$2:$H$301,0)),""))
A74: =IF($J74="","",$J74) | B74: =IF($A74="","",IF(ISNUMBER(MATCH($A74,表單!$A$2:$A$301,0)),INDEX(表單!$B$2:$B$301,MATCH($A74,表單!$A$2:$A$301,0)),IFERROR(INDEX($M$2:$M$201,MATCH($A74,$L$2:$L$201,0)),""))) | C74: =IF($A74="","",IF(ISNUMBER(MATCH($A74,表單!$A$2:$A$301,0)),IF(TRIM(INDEX(表單!$D$2:$D$301,MATCH($A74,表單!$A$2:$A$301,0)))="","（分項工程層）",INDEX(表單!$D$2:$D$301,MATCH($A74,表單!$A$2:$A$301,0))),IFERROR(INDEX($N$2:$N$201,MATCH($A74,$L$2:$L$201,0)),""))) | D74: =IF($A74="","",IF(ISNUMBER(MATCH($A74,表單!$A$2:$A$301,0)),"線上表單",IFERROR(INDEX($O$2:$O$201,MATCH($A74,$L$2:$L$201,0)),""))) | E74: =IF($A74="","",IF(ISNUMBER(MATCH($A74,表單!$A$2:$A$301,0)),"本檔","系統")) | H74: =IF(AND(表單!$C74="自主檢查表",表單!$A74<>"",COUNTIF($L$2:$L$201,表單!$A74)=0),COUNT($H$1:H73)+1,"") | J74: =IF(73<=COUNTA($L$2:$L$201),INDEX($L$2:$L$201,73),IFERROR(INDEX(表單!$A$2:$A$301,MATCH(73-COUNTA($L$2:$L$201),$H$2:$H$301,0)),""))
A75: =IF($J75="","",$J75) | B75: =IF($A75="","",IF(ISNUMBER(MATCH($A75,表單!$A$2:$A$301,0)),INDEX(表單!$B$2:$B$301,MATCH($A75,表單!$A$2:$A$301,0)),IFERROR(INDEX($M$2:$M$201,MATCH($A75,$L$2:$L$201,0)),""))) | C75: =IF($A75="","",IF(ISNUMBER(MATCH($A75,表單!$A$2:$A$301,0)),IF(TRIM(INDEX(表單!$D$2:$D$301,MATCH($A75,表單!$A$2:$A$301,0)))="","（分項工程層）",INDEX(表單!$D$2:$D$301,MATCH($A75,表單!$A$2:$A$301,0))),IFERROR(INDEX($N$2:$N$201,MATCH($A75,$L$2:$L$201,0)),""))) | D75: =IF($A75="","",IF(ISNUMBER(MATCH($A75,表單!$A$2:$A$301,0)),"線上表單",IFERROR(INDEX($O$2:$O$201,MATCH($A75,$L$2:$L$201,0)),""))) | E75: =IF($A75="","",IF(ISNUMBER(MATCH($A75,表單!$A$2:$A$301,0)),"本檔","系統")) | H75: =IF(AND(表單!$C75="自主檢查表",表單!$A75<>"",COUNTIF($L$2:$L$201,表單!$A75)=0),COUNT($H$1:H74)+1,"") | J75: =IF(74<=COUNTA($L$2:$L$201),INDEX($L$2:$L$201,74),IFERROR(INDEX(表單!$A$2:$A$301,MATCH(74-COUNTA($L$2:$L$201),$H$2:$H$301,0)),""))
A76: =IF($J76="","",$J76) | B76: =IF($A76="","",IF(ISNUMBER(MATCH($A76,表單!$A$2:$A$301,0)),INDEX(表單!$B$2:$B$301,MATCH($A76,表單!$A$2:$A$301,0)),IFERROR(INDEX($M$2:$M$201,MATCH($A76,$L$2:$L$201,0)),""))) | C76: =IF($A76="","",IF(ISNUMBER(MATCH($A76,表單!$A$2:$A$301,0)),IF(TRIM(INDEX(表單!$D$2:$D$301,MATCH($A76,表單!$A$2:$A$301,0)))="","（分項工程層）",INDEX(表單!$D$2:$D$301,MATCH($A76,表單!$A$2:$A$301,0))),IFERROR(INDEX($N$2:$N$201,MATCH($A76,$L$2:$L$201,0)),""))) | D76: =IF($A76="","",IF(ISNUMBER(MATCH($A76,表單!$A$2:$A$301,0)),"線上表單",IFERROR(INDEX($O$2:$O$201,MATCH($A76,$L$2:$L$201,0)),""))) | E76: =IF($A76="","",IF(ISNUMBER(MATCH($A76,表單!$A$2:$A$301,0)),"本檔","系統")) | H76: =IF(AND(表單!$C76="自主檢查表",表單!$A76<>"",COUNTIF($L$2:$L$201,表單!$A76)=0),COUNT($H$1:H75)+1,"") | J76: =IF(75<=COUNTA($L$2:$L$201),INDEX($L$2:$L$201,75),IFERROR(INDEX(表單!$A$2:$A$301,MATCH(75-COUNTA($L$2:$L$201),$H$2:$H$301,0)),""))
A77: =IF($J77="","",$J77) | B77: =IF($A77="","",IF(ISNUMBER(MATCH($A77,表單!$A$2:$A$301,0)),INDEX(表單!$B$2:$B$301,MATCH($A77,表單!$A$2:$A$301,0)),IFERROR(INDEX($M$2:$M$201,MATCH($A77,$L$2:$L$201,0)),""))) | C77: =IF($A77="","",IF(ISNUMBER(MATCH($A77,表單!$A$2:$A$301,0)),IF(TRIM(INDEX(表單!$D$2:$D$301,MATCH($A77,表單!$A$2:$A$301,0)))="","（分項工程層）",INDEX(表單!$D$2:$D$301,MATCH($A77,表單!$A$2:$A$301,0))),IFERROR(INDEX($N$2:$N$201,MATCH($A77,$L$2:$L$201,0)),""))) | D77: =IF($A77="","",IF(ISNUMBER(MATCH($A77,表單!$A$2:$A$301,0)),"線上表單",IFERROR(INDEX($O$2:$O$201,MATCH($A77,$L$2:$L$201,0)),""))) | E77: =IF($A77="","",IF(ISNUMBER(MATCH($A77,表單!$A$2:$A$301,0)),"本檔","系統")) | H77: =IF(AND(表單!$C77="自主檢查表",表單!$A77<>"",COUNTIF($L$2:$L$201,表單!$A77)=0),COUNT($H$1:H76)+1,"") | J77: =IF(76<=COUNTA($L$2:$L$201),INDEX($L$2:$L$201,76),IFERROR(INDEX(表單!$A$2:$A$301,MATCH(76-COUNTA($L$2:$L$201),$H$2:$H$301,0)),""))
A78: =IF($J78="","",$J78) | B78: =IF($A78="","",IF(ISNUMBER(MATCH($A78,表單!$A$2:$A$301,0)),INDEX(表單!$B$2:$B$301,MATCH($A78,表單!$A$2:$A$301,0)),IFERROR(INDEX($M$2:$M$201,MATCH($A78,$L$2:$L$201,0)),""))) | C78: =IF($A78="","",IF(ISNUMBER(MATCH($A78,表單!$A$2:$A$301,0)),IF(TRIM(INDEX(表單!$D$2:$D$301,MATCH($A78,表單!$A$2:$A$301,0)))="","（分項工程層）",INDEX(表單!$D$2:$D$301,MATCH($A78,表單!$A$2:$A$301,0))),IFERROR(INDEX($N$2:$N$201,MATCH($A78,$L$2:$L$201,0)),""))) | D78: =IF($A78="","",IF(ISNUMBER(MATCH($A78,表單!$A$2:$A$301,0)),"線上表單",IFERROR(INDEX($O$2:$O$201,MATCH($A78,$L$2:$L$201,0)),""))) | E78: =IF($A78="","",IF(ISNUMBER(MATCH($A78,表單!$A$2:$A$301,0)),"本檔","系統")) | H78: =IF(AND(表單!$C78="自主檢查表",表單!$A78<>"",COUNTIF($L$2:$L$201,表單!$A78)=0),COUNT($H$1:H77)+1,"") | J78: =IF(77<=COUNTA($L$2:$L$201),INDEX($L$2:$L$201,77),IFERROR(INDEX(表單!$A$2:$A$301,MATCH(77-COUNTA($L$2:$L$201),$H$2:$H$301,0)),""))
A79: =IF($J79="","",$J79) | B79: =IF($A79="","",IF(ISNUMBER(MATCH($A79,表單!$A$2:$A$301,0)),INDEX(表單!$B$2:$B$301,MATCH($A79,表單!$A$2:$A$301,0)),IFERROR(INDEX($M$2:$M$201,MATCH($A79,$L$2:$L$201,0)),""))) | C79: =IF($A79="","",IF(ISNUMBER(MATCH($A79,表單!$A$2:$A$301,0)),IF(TRIM(INDEX(表單!$D$2:$D$301,MATCH($A79,表單!$A$2:$A$301,0)))="","（分項工程層）",INDEX(表單!$D$2:$D$301,MATCH($A79,表單!$A$2:$A$301,0))),IFERROR(INDEX($N$2:$N$201,MATCH($A79,$L$2:$L$201,0)),""))) | D79: =IF($A79="","",IF(ISNUMBER(MATCH($A79,表單!$A$2:$A$301,0)),"線上表單",IFERROR(INDEX($O$2:$O$201,MATCH($A79,$L$2:$L$201,0)),""))) | E79: =IF($A79="","",IF(ISNUMBER(MATCH($A79,表單!$A$2:$A$301,0)),"本檔","系統")) | H79: =IF(AND(表單!$C79="自主檢查表",表單!$A79<>"",COUNTIF($L$2:$L$201,表單!$A79)=0),COUNT($H$1:H78)+1,"") | J79: =IF(78<=COUNTA($L$2:$L$201),INDEX($L$2:$L$201,78),IFERROR(INDEX(表單!$A$2:$A$301,MATCH(78-COUNTA($L$2:$L$201),$H$2:$H$301,0)),""))
A80: =IF($J80="","",$J80) | B80: =IF($A80="","",IF(ISNUMBER(MATCH($A80,表單!$A$2:$A$301,0)),INDEX(表單!$B$2:$B$301,MATCH($A80,表單!$A$2:$A$301,0)),IFERROR(INDEX($M$2:$M$201,MATCH($A80,$L$2:$L$201,0)),""))) | C80: =IF($A80="","",IF(ISNUMBER(MATCH($A80,表單!$A$2:$A$301,0)),IF(TRIM(INDEX(表單!$D$2:$D$301,MATCH($A80,表單!$A$2:$A$301,0)))="","（分項工程層）",INDEX(表單!$D$2:$D$301,MATCH($A80,表單!$A$2:$A$301,0))),IFERROR(INDEX($N$2:$N$201,MATCH($A80,$L$2:$L$201,0)),""))) | D80: =IF($A80="","",IF(ISNUMBER(MATCH($A80,表單!$A$2:$A$301,0)),"線上表單",IFERROR(INDEX($O$2:$O$201,MATCH($A80,$L$2:$L$201,0)),""))) | E80: =IF($A80="","",IF(ISNUMBER(MATCH($A80,表單!$A$2:$A$301,0)),"本檔","系統")) | H80: =IF(AND(表單!$C80="自主檢查表",表單!$A80<>"",COUNTIF($L$2:$L$201,表單!$A80)=0),COUNT($H$1:H79)+1,"") | J80: =IF(79<=COUNTA($L$2:$L$201),INDEX($L$2:$L$201,79),IFERROR(INDEX(表單!$A$2:$A$301,MATCH(79-COUNTA($L$2:$L$201),$H$2:$H$301,0)),""))
A81: =IF($J81="","",$J81) | B81: =IF($A81="","",IF(ISNUMBER(MATCH($A81,表單!$A$2:$A$301,0)),INDEX(表單!$B$2:$B$301,MATCH($A81,表單!$A$2:$A$301,0)),IFERROR(INDEX($M$2:$M$201,MATCH($A81,$L$2:$L$201,0)),""))) | C81: =IF($A81="","",IF(ISNUMBER(MATCH($A81,表單!$A$2:$A$301,0)),IF(TRIM(INDEX(表單!$D$2:$D$301,MATCH($A81,表單!$A$2:$A$301,0)))="","（分項工程層）",INDEX(表單!$D$2:$D$301,MATCH($A81,表單!$A$2:$A$301,0))),IFERROR(INDEX($N$2:$N$201,MATCH($A81,$L$2:$L$201,0)),""))) | D81: =IF($A81="","",IF(ISNUMBER(MATCH($A81,表單!$A$2:$A$301,0)),"線上表單",IFERROR(INDEX($O$2:$O$201,MATCH($A81,$L$2:$L$201,0)),""))) | E81: =IF($A81="","",IF(ISNUMBER(MATCH($A81,表單!$A$2:$A$301,0)),"本檔","系統")) | H81: =IF(AND(表單!$C81="自主檢查表",表單!$A81<>"",COUNTIF($L$2:$L$201,表單!$A81)=0),COUNT($H$1:H80)+1,"") | J81: =IF(80<=COUNTA($L$2:$L$201),INDEX($L$2:$L$201,80),IFERROR(INDEX(表單!$A$2:$A$301,MATCH(80-COUNTA($L$2:$L$201),$H$2:$H$301,0)),""))
A82: =IF($J82="","",$J82) | B82: =IF($A82="","",IF(ISNUMBER(MATCH($A82,表單!$A$2:$A$301,0)),INDEX(表單!$B$2:$B$301,MATCH($A82,表單!$A$2:$A$301,0)),IFERROR(INDEX($M$2:$M$201,MATCH($A82,$L$2:$L$201,0)),""))) | C82: =IF($A82="","",IF(ISNUMBER(MATCH($A82,表單!$A$2:$A$301,0)),IF(TRIM(INDEX(表單!$D$2:$D$301,MATCH($A82,表單!$A$2:$A$301,0)))="","（分項工程層）",INDEX(表單!$D$2:$D$301,MATCH($A82,表單!$A$2:$A$301,0))),IFERROR(INDEX($N$2:$N$201,MATCH($A82,$L$2:$L$201,0)),""))) | D82: =IF($A82="","",IF(ISNUMBER(MATCH($A82,表單!$A$2:$A$301,0)),"線上表單",IFERROR(INDEX($O$2:$O$201,MATCH($A82,$L$2:$L$201,0)),""))) | E82: =IF($A82="","",IF(ISNUMBER(MATCH($A82,表單!$A$2:$A$301,0)),"本檔","系統")) | H82: =IF(AND(表單!$C82="自主檢查表",表單!$A82<>"",COUNTIF($L$2:$L$201,表單!$A82)=0),COUNT($H$1:H81)+1,"") | J82: =IF(81<=COUNTA($L$2:$L$201),INDEX($L$2:$L$201,81),IFERROR(INDEX(表單!$A$2:$A$301,MATCH(81-COUNTA($L$2:$L$201),$H$2:$H$301,0)),""))
A83: =IF($J83="","",$J83) | B83: =IF($A83="","",IF(ISNUMBER(MATCH($A83,表單!$A$2:$A$301,0)),INDEX(表單!$B$2:$B$301,MATCH($A83,表單!$A$2:$A$301,0)),IFERROR(INDEX($M$2:$M$201,MATCH($A83,$L$2:$L$201,0)),""))) | C83: =IF($A83="","",IF(ISNUMBER(MATCH($A83,表單!$A$2:$A$301,0)),IF(TRIM(INDEX(表單!$D$2:$D$301,MATCH($A83,表單!$A$2:$A$301,0)))="","（分項工程層）",INDEX(表單!$D$2:$D$301,MATCH($A83,表單!$A$2:$A$301,0))),IFERROR(INDEX($N$2:$N$201,MATCH($A83,$L$2:$L$201,0)),""))) | D83: =IF($A83="","",IF(ISNUMBER(MATCH($A83,表單!$A$2:$A$301,0)),"線上表單",IFERROR(INDEX($O$2:$O$201,MATCH($A83,$L$2:$L$201,0)),""))) | E83: =IF($A83="","",IF(ISNUMBER(MATCH($A83,表單!$A$2:$A$301,0)),"本檔","系統")) | H83: =IF(AND(表單!$C83="自主檢查表",表單!$A83<>"",COUNTIF($L$2:$L$201,表單!$A83)=0),COUNT($H$1:H82)+1,"") | J83: =IF(82<=COUNTA($L$2:$L$201),INDEX($L$2:$L$201,82),IFERROR(INDEX(表單!$A$2:$A$301,MATCH(82-COUNTA($L$2:$L$201),$H$2:$H$301,0)),""))
A84: =IF($J84="","",$J84) | B84: =IF($A84="","",IF(ISNUMBER(MATCH($A84,表單!$A$2:$A$301,0)),INDEX(表單!$B$2:$B$301,MATCH($A84,表單!$A$2:$A$301,0)),IFERROR(INDEX($M$2:$M$201,MATCH($A84,$L$2:$L$201,0)),""))) | C84: =IF($A84="","",IF(ISNUMBER(MATCH($A84,表單!$A$2:$A$301,0)),IF(TRIM(INDEX(表單!$D$2:$D$301,MATCH($A84,表單!$A$2:$A$301,0)))="","（分項工程層）",INDEX(表單!$D$2:$D$301,MATCH($A84,表單!$A$2:$A$301,0))),IFERROR(INDEX($N$2:$N$201,MATCH($A84,$L$2:$L$201,0)),""))) | D84: =IF($A84="","",IF(ISNUMBER(MATCH($A84,表單!$A$2:$A$301,0)),"線上表單",IFERROR(INDEX($O$2:$O$201,MATCH($A84,$L$2:$L$201,0)),""))) | E84: =IF($A84="","",IF(ISNUMBER(MATCH($A84,表單!$A$2:$A$301,0)),"本檔","系統")) | H84: =IF(AND(表單!$C84="自主檢查表",表單!$A84<>"",COUNTIF($L$2:$L$201,表單!$A84)=0),COUNT($H$1:H83)+1,"") | J84: =IF(83<=COUNTA($L$2:$L$201),INDEX($L$2:$L$201,83),IFERROR(INDEX(表單!$A$2:$A$301,MATCH(83-COUNTA($L$2:$L$201),$H$2:$H$301,0)),""))
A85: =IF($J85="","",$J85) | B85: =IF($A85="","",IF(ISNUMBER(MATCH($A85,表單!$A$2:$A$301,0)),INDEX(表單!$B$2:$B$301,MATCH($A85,表單!$A$2:$A$301,0)),IFERROR(INDEX($M$2:$M$201,MATCH($A85,$L$2:$L$201,0)),""))) | C85: =IF($A85="","",IF(ISNUMBER(MATCH($A85,表單!$A$2:$A$301,0)),IF(TRIM(INDEX(表單!$D$2:$D$301,MATCH($A85,表單!$A$2:$A$301,0)))="","（分項工程層）",INDEX(表單!$D$2:$D$301,MATCH($A85,表單!$A$2:$A$301,0))),IFERROR(INDEX($N$2:$N$201,MATCH($A85,$L$2:$L$201,0)),""))) | D85: =IF($A85="","",IF(ISNUMBER(MATCH($A85,表單!$A$2:$A$301,0)),"線上表單",IFERROR(INDEX($O$2:$O$201,MATCH($A85,$L$2:$L$201,0)),""))) | E85: =IF($A85="","",IF(ISNUMBER(MATCH($A85,表單!$A$2:$A$301,0)),"本檔","系統")) | H85: =IF(AND(表單!$C85="自主檢查表",表單!$A85<>"",COUNTIF($L$2:$L$201,表單!$A85)=0),COUNT($H$1:H84)+1,"") | J85: =IF(84<=COUNTA($L$2:$L$201),INDEX($L$2:$L$201,84),IFERROR(INDEX(表單!$A$2:$A$301,MATCH(84-COUNTA($L$2:$L$201),$H$2:$H$301,0)),""))
A86: =IF($J86="","",$J86) | B86: =IF($A86="","",IF(ISNUMBER(MATCH($A86,表單!$A$2:$A$301,0)),INDEX(表單!$B$2:$B$301,MATCH($A86,表單!$A$2:$A$301,0)),IFERROR(INDEX($M$2:$M$201,MATCH($A86,$L$2:$L$201,0)),""))) | C86: =IF($A86="","",IF(ISNUMBER(MATCH($A86,表單!$A$2:$A$301,0)),IF(TRIM(INDEX(表單!$D$2:$D$301,MATCH($A86,表單!$A$2:$A$301,0)))="","（分項工程層）",INDEX(表單!$D$2:$D$301,MATCH($A86,表單!$A$2:$A$301,0))),IFERROR(INDEX($N$2:$N$201,MATCH($A86,$L$2:$L$201,0)),""))) | D86: =IF($A86="","",IF(ISNUMBER(MATCH($A86,表單!$A$2:$A$301,0)),"線上表單",IFERROR(INDEX($O$2:$O$201,MATCH($A86,$L$2:$L$201,0)),""))) | E86: =IF($A86="","",IF(ISNUMBER(MATCH($A86,表單!$A$2:$A$301,0)),"本檔","系統")) | H86: =IF(AND(表單!$C86="自主檢查表",表單!$A86<>"",COUNTIF($L$2:$L$201,表單!$A86)=0),COUNT($H$1:H85)+1,"") | J86: =IF(85<=COUNTA($L$2:$L$201),INDEX($L$2:$L$201,85),IFERROR(INDEX(表單!$A$2:$A$301,MATCH(85-COUNTA($L$2:$L$201),$H$2:$H$301,0)),""))
A87: =IF($J87="","",$J87) | B87: =IF($A87="","",IF(ISNUMBER(MATCH($A87,表單!$A$2:$A$301,0)),INDEX(表單!$B$2:$B$301,MATCH($A87,表單!$A$2:$A$301,0)),IFERROR(INDEX($M$2:$M$201,MATCH($A87,$L$2:$L$201,0)),""))) | C87: =IF($A87="","",IF(ISNUMBER(MATCH($A87,表單!$A$2:$A$301,0)),IF(TRIM(INDEX(表單!$D$2:$D$301,MATCH($A87,表單!$A$2:$A$301,0)))="","（分項工程層）",INDEX(表單!$D$2:$D$301,MATCH($A87,表單!$A$2:$A$301,0))),IFERROR(INDEX($N$2:$N$201,MATCH($A87,$L$2:$L$201,0)),""))) | D87: =IF($A87="","",IF(ISNUMBER(MATCH($A87,表單!$A$2:$A$301,0)),"線上表單",IFERROR(INDEX($O$2:$O$201,MATCH($A87,$L$2:$L$201,0)),""))) | E87: =IF($A87="","",IF(ISNUMBER(MATCH($A87,表單!$A$2:$A$301,0)),"本檔","系統")) | H87: =IF(AND(表單!$C87="自主檢查表",表單!$A87<>"",COUNTIF($L$2:$L$201,表單!$A87)=0),COUNT($H$1:H86)+1,"") | J87: =IF(86<=COUNTA($L$2:$L$201),INDEX($L$2:$L$201,86),IFERROR(INDEX(表單!$A$2:$A$301,MATCH(86-COUNTA($L$2:$L$201),$H$2:$H$301,0)),""))
A88: =IF($J88="","",$J88) | B88: =IF($A88="","",IF(ISNUMBER(MATCH($A88,表單!$A$2:$A$301,0)),INDEX(表單!$B$2:$B$301,MATCH($A88,表單!$A$2:$A$301,0)),IFERROR(INDEX($M$2:$M$201,MATCH($A88,$L$2:$L$201,0)),""))) | C88: =IF($A88="","",IF(ISNUMBER(MATCH($A88,表單!$A$2:$A$301,0)),IF(TRIM(INDEX(表單!$D$2:$D$301,MATCH($A88,表單!$A$2:$A$301,0)))="","（分項工程層）",INDEX(表單!$D$2:$D$301,MATCH($A88,表單!$A$2:$A$301,0))),IFERROR(INDEX($N$2:$N$201,MATCH($A88,$L$2:$L$201,0)),""))) | D88: =IF($A88="","",IF(ISNUMBER(MATCH($A88,表單!$A$2:$A$301,0)),"線上表單",IFERROR(INDEX($O$2:$O$201,MATCH($A88,$L$2:$L$201,0)),""))) | E88: =IF($A88="","",IF(ISNUMBER(MATCH($A88,表單!$A$2:$A$301,0)),"本檔","系統")) | H88: =IF(AND(表單!$C88="自主檢查表",表單!$A88<>"",COUNTIF($L$2:$L$201,表單!$A88)=0),COUNT($H$1:H87)+1,"") | J88: =IF(87<=COUNTA($L$2:$L$201),INDEX($L$2:$L$201,87),IFERROR(INDEX(表單!$A$2:$A$301,MATCH(87-COUNTA($L$2:$L$201),$H$2:$H$301,0)),""))
A89: =IF($J89="","",$J89) | B89: =IF($A89="","",IF(ISNUMBER(MATCH($A89,表單!$A$2:$A$301,0)),INDEX(表單!$B$2:$B$301,MATCH($A89,表單!$A$2:$A$301,0)),IFERROR(INDEX($M$2:$M$201,MATCH($A89,$L$2:$L$201,0)),""))) | C89: =IF($A89="","",IF(ISNUMBER(MATCH($A89,表單!$A$2:$A$301,0)),IF(TRIM(INDEX(表單!$D$2:$D$301,MATCH($A89,表單!$A$2:$A$301,0)))="","（分項工程層）",INDEX(表單!$D$2:$D$301,MATCH($A89,表單!$A$2:$A$301,0))),IFERROR(INDEX($N$2:$N$201,MATCH($A89,$L$2:$L$201,0)),""))) | D89: =IF($A89="","",IF(ISNUMBER(MATCH($A89,表單!$A$2:$A$301,0)),"線上表單",IFERROR(INDEX($O$2:$O$201,MATCH($A89,$L$2:$L$201,0)),""))) | E89: =IF($A89="","",IF(ISNUMBER(MATCH($A89,表單!$A$2:$A$301,0)),"本檔","系統")) | H89: =IF(AND(表單!$C89="自主檢查表",表單!$A89<>"",COUNTIF($L$2:$L$201,表單!$A89)=0),COUNT($H$1:H88)+1,"") | J89: =IF(88<=COUNTA($L$2:$L$201),INDEX($L$2:$L$201,88),IFERROR(INDEX(表單!$A$2:$A$301,MATCH(88-COUNTA($L$2:$L$201),$H$2:$H$301,0)),""))
A90: =IF($J90="","",$J90) | B90: =IF($A90="","",IF(ISNUMBER(MATCH($A90,表單!$A$2:$A$301,0)),INDEX(表單!$B$2:$B$301,MATCH($A90,表單!$A$2:$A$301,0)),IFERROR(INDEX($M$2:$M$201,MATCH($A90,$L$2:$L$201,0)),""))) | C90: =IF($A90="","",IF(ISNUMBER(MATCH($A90,表單!$A$2:$A$301,0)),IF(TRIM(INDEX(表單!$D$2:$D$301,MATCH($A90,表單!$A$2:$A$301,0)))="","（分項工程層）",INDEX(表單!$D$2:$D$301,MATCH($A90,表單!$A$2:$A$301,0))),IFERROR(INDEX($N$2:$N$201,MATCH($A90,$L$2:$L$201,0)),""))) | D90: =IF($A90="","",IF(ISNUMBER(MATCH($A90,表單!$A$2:$A$301,0)),"線上表單",IFERROR(INDEX($O$2:$O$201,MATCH($A90,$L$2:$L$201,0)),""))) | E90: =IF($A90="","",IF(ISNUMBER(MATCH($A90,表單!$A$2:$A$301,0)),"本檔","系統")) | H90: =IF(AND(表單!$C90="自主檢查表",表單!$A90<>"",COUNTIF($L$2:$L$201,表單!$A90)=0),COUNT($H$1:H89)+1,"") | J90: =IF(89<=COUNTA($L$2:$L$201),INDEX($L$2:$L$201,89),IFERROR(INDEX(表單!$A$2:$A$301,MATCH(89-COUNTA($L$2:$L$201),$H$2:$H$301,0)),""))
A91: =IF($J91="","",$J91) | B91: =IF($A91="","",IF(ISNUMBER(MATCH($A91,表單!$A$2:$A$301,0)),INDEX(表單!$B$2:$B$301,MATCH($A91,表單!$A$2:$A$301,0)),IFERROR(INDEX($M$2:$M$201,MATCH($A91,$L$2:$L$201,0)),""))) | C91: =IF($A91="","",IF(ISNUMBER(MATCH($A91,表單!$A$2:$A$301,0)),IF(TRIM(INDEX(表單!$D$2:$D$301,MATCH($A91,表單!$A$2:$A$301,0)))="","（分項工程層）",INDEX(表單!$D$2:$D$301,MATCH($A91,表單!$A$2:$A$301,0))),IFERROR(INDEX($N$2:$N$201,MATCH($A91,$L$2:$L$201,0)),""))) | D91: =IF($A91="","",IF(ISNUMBER(MATCH($A91,表單!$A$2:$A$301,0)),"線上表單",IFERROR(INDEX($O$2:$O$201,MATCH($A91,$L$2:$L$201,0)),""))) | E91: =IF($A91="","",IF(ISNUMBER(MATCH($A91,表單!$A$2:$A$301,0)),"本檔","系統")) | H91: =IF(AND(表單!$C91="自主檢查表",表單!$A91<>"",COUNTIF($L$2:$L$201,表單!$A91)=0),COUNT($H$1:H90)+1,"") | J91: =IF(90<=COUNTA($L$2:$L$201),INDEX($L$2:$L$201,90),IFERROR(INDEX(表單!$A$2:$A$301,MATCH(90-COUNTA($L$2:$L$201),$H$2:$H$301,0)),""))
A92: =IF($J92="","",$J92) | B92: =IF($A92="","",IF(ISNUMBER(MATCH($A92,表單!$A$2:$A$301,0)),INDEX(表單!$B$2:$B$301,MATCH($A92,表單!$A$2:$A$301,0)),IFERROR(INDEX($M$2:$M$201,MATCH($A92,$L$2:$L$201,0)),""))) | C92: =IF($A92="","",IF(ISNUMBER(MATCH($A92,表單!$A$2:$A$301,0)),IF(TRIM(INDEX(表單!$D$2:$D$301,MATCH($A92,表單!$A$2:$A$301,0)))="","（分項工程層）",INDEX(表單!$D$2:$D$301,MATCH($A92,表單!$A$2:$A$301,0))),IFERROR(INDEX($N$2:$N$201,MATCH($A92,$L$2:$L$201,0)),""))) | D92: =IF($A92="","",IF(ISNUMBER(MATCH($A92,表單!$A$2:$A$301,0)),"線上表單",IFERROR(INDEX($O$2:$O$201,MATCH($A92,$L$2:$L$201,0)),""))) | E92: =IF($A92="","",IF(ISNUMBER(MATCH($A92,表單!$A$2:$A$301,0)),"本檔","系統")) | H92: =IF(AND(表單!$C92="自主檢查表",表單!$A92<>"",COUNTIF($L$2:$L$201,表單!$A92)=0),COUNT($H$1:H91)+1,"") | J92: =IF(91<=COUNTA($L$2:$L$201),INDEX($L$2:$L$201,91),IFERROR(INDEX(表單!$A$2:$A$301,MATCH(91-COUNTA($L$2:$L$201),$H$2:$H$301,0)),""))
A93: =IF($J93="","",$J93) | B93: =IF($A93="","",IF(ISNUMBER(MATCH($A93,表單!$A$2:$A$301,0)),INDEX(表單!$B$2:$B$301,MATCH($A93,表單!$A$2:$A$301,0)),IFERROR(INDEX($M$2:$M$201,MATCH($A93,$L$2:$L$201,0)),""))) | C93: =IF($A93="","",IF(ISNUMBER(MATCH($A93,表單!$A$2:$A$301,0)),IF(TRIM(INDEX(表單!$D$2:$D$301,MATCH($A93,表單!$A$2:$A$301,0)))="","（分項工程層）",INDEX(表單!$D$2:$D$301,MATCH($A93,表單!$A$2:$A$301,0))),IFERROR(INDEX($N$2:$N$201,MATCH($A93,$L$2:$L$201,0)),""))) | D93: =IF($A93="","",IF(ISNUMBER(MATCH($A93,表單!$A$2:$A$301,0)),"線上表單",IFERROR(INDEX($O$2:$O$201,MATCH($A93,$L$2:$L$201,0)),""))) | E93: =IF($A93="","",IF(ISNUMBER(MATCH($A93,表單!$A$2:$A$301,0)),"本檔","系統")) | H93: =IF(AND(表單!$C93="自主檢查表",表單!$A93<>"",COUNTIF($L$2:$L$201,表單!$A93)=0),COUNT($H$1:H92)+1,"") | J93: =IF(92<=COUNTA($L$2:$L$201),INDEX($L$2:$L$201,92),IFERROR(INDEX(表單!$A$2:$A$301,MATCH(92-COUNTA($L$2:$L$201),$H$2:$H$301,0)),""))
A94: =IF($J94="","",$J94) | B94: =IF($A94="","",IF(ISNUMBER(MATCH($A94,表單!$A$2:$A$301,0)),INDEX(表單!$B$2:$B$301,MATCH($A94,表單!$A$2:$A$301,0)),IFERROR(INDEX($M$2:$M$201,MATCH($A94,$L$2:$L$201,0)),""))) | C94: =IF($A94="","",IF(ISNUMBER(MATCH($A94,表單!$A$2:$A$301,0)),IF(TRIM(INDEX(表單!$D$2:$D$301,MATCH($A94,表單!$A$2:$A$301,0)))="","（分項工程層）",INDEX(表單!$D$2:$D$301,MATCH($A94,表單!$A$2:$A$301,0))),IFERROR(INDEX($N$2:$N$201,MATCH($A94,$L$2:$L$201,0)),""))) | D94: =IF($A94="","",IF(ISNUMBER(MATCH($A94,表單!$A$2:$A$301,0)),"線上表單",IFERROR(INDEX($O$2:$O$201,MATCH($A94,$L$2:$L$201,0)),""))) | E94: =IF($A94="","",IF(ISNUMBER(MATCH($A94,表單!$A$2:$A$301,0)),"本檔","系統")) | H94: =IF(AND(表單!$C94="自主檢查表",表單!$A94<>"",COUNTIF($L$2:$L$201,表單!$A94)=0),COUNT($H$1:H93)+1,"") | J94: =IF(93<=COUNTA($L$2:$L$201),INDEX($L$2:$L$201,93),IFERROR(INDEX(表單!$A$2:$A$301,MATCH(93-COUNTA($L$2:$L$201),$H$2:$H$301,0)),""))
A95: =IF($J95="","",$J95) | B95: =IF($A95="","",IF(ISNUMBER(MATCH($A95,表單!$A$2:$A$301,0)),INDEX(表單!$B$2:$B$301,MATCH($A95,表單!$A$2:$A$301,0)),IFERROR(INDEX($M$2:$M$201,MATCH($A95,$L$2:$L$201,0)),""))) | C95: =IF($A95="","",IF(ISNUMBER(MATCH($A95,表單!$A$2:$A$301,0)),IF(TRIM(INDEX(表單!$D$2:$D$301,MATCH($A95,表單!$A$2:$A$301,0)))="","（分項工程層）",INDEX(表單!$D$2:$D$301,MATCH($A95,表單!$A$2:$A$301,0))),IFERROR(INDEX($N$2:$N$201,MATCH($A95,$L$2:$L$201,0)),""))) | D95: =IF($A95="","",IF(ISNUMBER(MATCH($A95,表單!$A$2:$A$301,0)),"線上表單",IFERROR(INDEX($O$2:$O$201,MATCH($A95,$L$2:$L$201,0)),""))) | E95: =IF($A95="","",IF(ISNUMBER(MATCH($A95,表單!$A$2:$A$301,0)),"本檔","系統")) | H95: =IF(AND(表單!$C95="自主檢查表",表單!$A95<>"",COUNTIF($L$2:$L$201,表單!$A95)=0),COUNT($H$1:H94)+1,"") | J95: =IF(94<=COUNTA($L$2:$L$201),INDEX($L$2:$L$201,94),IFERROR(INDEX(表單!$A$2:$A$301,MATCH(94-COUNTA($L$2:$L$201),$H$2:$H$301,0)),""))
A96: =IF($J96="","",$J96) | B96: =IF($A96="","",IF(ISNUMBER(MATCH($A96,表單!$A$2:$A$301,0)),INDEX(表單!$B$2:$B$301,MATCH($A96,表單!$A$2:$A$301,0)),IFERROR(INDEX($M$2:$M$201,MATCH($A96,$L$2:$L$201,0)),""))) | C96: =IF($A96="","",IF(ISNUMBER(MATCH($A96,表單!$A$2:$A$301,0)),IF(TRIM(INDEX(表單!$D$2:$D$301,MATCH($A96,表單!$A$2:$A$301,0)))="","（分項工程層）",INDEX(表單!$D$2:$D$301,MATCH($A96,表單!$A$2:$A$301,0))),IFERROR(INDEX($N$2:$N$201,MATCH($A96,$L$2:$L$201,0)),""))) | D96: =IF($A96="","",IF(ISNUMBER(MATCH($A96,表單!$A$2:$A$301,0)),"線上表單",IFERROR(INDEX($O$2:$O$201,MATCH($A96,$L$2:$L$201,0)),""))) | E96: =IF($A96="","",IF(ISNUMBER(MATCH($A96,表單!$A$2:$A$301,0)),"本檔","系統")) | H96: =IF(AND(表單!$C96="自主檢查表",表單!$A96<>"",COUNTIF($L$2:$L$201,表單!$A96)=0),COUNT($H$1:H95)+1,"") | J96: =IF(95<=COUNTA($L$2:$L$201),INDEX($L$2:$L$201,95),IFERROR(INDEX(表單!$A$2:$A$301,MATCH(95-COUNTA($L$2:$L$201),$H$2:$H$301,0)),""))
A97: =IF($J97="","",$J97) | B97: =IF($A97="","",IF(ISNUMBER(MATCH($A97,表單!$A$2:$A$301,0)),INDEX(表單!$B$2:$B$301,MATCH($A97,表單!$A$2:$A$301,0)),IFERROR(INDEX($M$2:$M$201,MATCH($A97,$L$2:$L$201,0)),""))) | C97: =IF($A97="","",IF(ISNUMBER(MATCH($A97,表單!$A$2:$A$301,0)),IF(TRIM(INDEX(表單!$D$2:$D$301,MATCH($A97,表單!$A$2:$A$301,0)))="","（分項工程層）",INDEX(表單!$D$2:$D$301,MATCH($A97,表單!$A$2:$A$301,0))),IFERROR(INDEX($N$2:$N$201,MATCH($A97,$L$2:$L$201,0)),""))) | D97: =IF($A97="","",IF(ISNUMBER(MATCH($A97,表單!$A$2:$A$301,0)),"線上表單",IFERROR(INDEX($O$2:$O$201,MATCH($A97,$L$2:$L$201,0)),""))) | E97: =IF($A97="","",IF(ISNUMBER(MATCH($A97,表單!$A$2:$A$301,0)),"本檔","系統")) | H97: =IF(AND(表單!$C97="自主檢查表",表單!$A97<>"",COUNTIF($L$2:$L$201,表單!$A97)=0),COUNT($H$1:H96)+1,"") | J97: =IF(96<=COUNTA($L$2:$L$201),INDEX($L$2:$L$201,96),IFERROR(INDEX(表單!$A$2:$A$301,MATCH(96-COUNTA($L$2:$L$201),$H$2:$H$301,0)),""))
A98: =IF($J98="","",$J98) | B98: =IF($A98="","",IF(ISNUMBER(MATCH($A98,表單!$A$2:$A$301,0)),INDEX(表單!$B$2:$B$301,MATCH($A98,表單!$A$2:$A$301,0)),IFERROR(INDEX($M$2:$M$201,MATCH($A98,$L$2:$L$201,0)),""))) | C98: =IF($A98="","",IF(ISNUMBER(MATCH($A98,表單!$A$2:$A$301,0)),IF(TRIM(INDEX(表單!$D$2:$D$301,MATCH($A98,表單!$A$2:$A$301,0)))="","（分項工程層）",INDEX(表單!$D$2:$D$301,MATCH($A98,表單!$A$2:$A$301,0))),IFERROR(INDEX($N$2:$N$201,MATCH($A98,$L$2:$L$201,0)),""))) | D98: =IF($A98="","",IF(ISNUMBER(MATCH($A98,表單!$A$2:$A$301,0)),"線上表單",IFERROR(INDEX($O$2:$O$201,MATCH($A98,$L$2:$L$201,0)),""))) | E98: =IF($A98="","",IF(ISNUMBER(MATCH($A98,表單!$A$2:$A$301,0)),"本檔","系統")) | H98: =IF(AND(表單!$C98="自主檢查表",表單!$A98<>"",COUNTIF($L$2:$L$201,表單!$A98)=0),COUNT($H$1:H97)+1,"") | J98: =IF(97<=COUNTA($L$2:$L$201),INDEX($L$2:$L$201,97),IFERROR(INDEX(表單!$A$2:$A$301,MATCH(97-COUNTA($L$2:$L$201),$H$2:$H$301,0)),""))
A99: =IF($J99="","",$J99) | B99: =IF($A99="","",IF(ISNUMBER(MATCH($A99,表單!$A$2:$A$301,0)),INDEX(表單!$B$2:$B$301,MATCH($A99,表單!$A$2:$A$301,0)),IFERROR(INDEX($M$2:$M$201,MATCH($A99,$L$2:$L$201,0)),""))) | C99: =IF($A99="","",IF(ISNUMBER(MATCH($A99,表單!$A$2:$A$301,0)),IF(TRIM(INDEX(表單!$D$2:$D$301,MATCH($A99,表單!$A$2:$A$301,0)))="","（分項工程層）",INDEX(表單!$D$2:$D$301,MATCH($A99,表單!$A$2:$A$301,0))),IFERROR(INDEX($N$2:$N$201,MATCH($A99,$L$2:$L$201,0)),""))) | D99: =IF($A99="","",IF(ISNUMBER(MATCH($A99,表單!$A$2:$A$301,0)),"線上表單",IFERROR(INDEX($O$2:$O$201,MATCH($A99,$L$2:$L$201,0)),""))) | E99: =IF($A99="","",IF(ISNUMBER(MATCH($A99,表單!$A$2:$A$301,0)),"本檔","系統")) | H99: =IF(AND(表單!$C99="自主檢查表",表單!$A99<>"",COUNTIF($L$2:$L$201,表單!$A99)=0),COUNT($H$1:H98)+1,"") | J99: =IF(98<=COUNTA($L$2:$L$201),INDEX($L$2:$L$201,98),IFERROR(INDEX(表單!$A$2:$A$301,MATCH(98-COUNTA($L$2:$L$201),$H$2:$H$301,0)),""))
A100: =IF($J100="","",$J100) | B100: =IF($A100="","",IF(ISNUMBER(MATCH($A100,表單!$A$2:$A$301,0)),INDEX(表單!$B$2:$B$301,MATCH($A100,表單!$A$2:$A$301,0)),IFERROR(INDEX($M$2:$M$201,MATCH($A100,$L$2:$L$201,0)),""))) | C100: =IF($A100="","",IF(ISNUMBER(MATCH($A100,表單!$A$2:$A$301,0)),IF(TRIM(INDEX(表單!$D$2:$D$301,MATCH($A100,表單!$A$2:$A$301,0)))="","（分項工程層）",INDEX(表單!$D$2:$D$301,MATCH($A100,表單!$A$2:$A$301,0))),IFERROR(INDEX($N$2:$N$201,MATCH($A100,$L$2:$L$201,0)),""))) | D100: =IF($A100="","",IF(ISNUMBER(MATCH($A100,表單!$A$2:$A$301,0)),"線上表單",IFERROR(INDEX($O$2:$O$201,MATCH($A100,$L$2:$L$201,0)),""))) | E100: =IF($A100="","",IF(ISNUMBER(MATCH($A100,表單!$A$2:$A$301,0)),"本檔","系統")) | H100: =IF(AND(表單!$C100="自主檢查表",表單!$A100<>"",COUNTIF($L$2:$L$201,表單!$A100)=0),COUNT($H$1:H99)+1,"") | J100: =IF(99<=COUNTA($L$2:$L$201),INDEX($L$2:$L$201,99),IFERROR(INDEX(表單!$A$2:$A$301,MATCH(99-COUNTA($L$2:$L$201),$H$2:$H$301,0)),""))
...

Sheet 代碼表
A1: 表單類型 | B1: 預設階段 | C1: 判定類型 | D1: 是否 | E1: 參考文件編號（系統現有）
A2: 自主檢查表 | B2: 施工前 | C2: 選項 | D2: Y | E2: CF671-DW-0101
A3: 抽查紀錄表 | B3: 施工中 | C3: 數值 | D3: N | E3: CF671-PL-0032
B4: 施工後 | C4: 照片 | E4: CF671-SP-0005
C5: 文字 | E5: CF671-SP-0007
C6: 連結表單
A9: 判定類型說明
A10: 選項 | B10: 現場判定 ○ 合格／╳ 缺失／╱ 無此項
A11: 數值 | B11: 填量測值，依「數值欄位」上下限自動建議判定
A12: 照片 | B12: 必須拍照佐證
A13: 文字 | B13: 填文字說明
A14: 連結表單 | B14: 引用另一張自主檢查表，需填連結表號
